0 verbose cli C:\Program Files\nodejs\node.exe C:\Program Files\nodejs\node_modules\npm\bin\npm-cli.js
1 info using npm@11.11.0
2 info using node@v24.14.1
3 silly config load:file:C:\Program Files\nodejs\node_modules\npm\npmrc
4 silly config load:file:C:\Users\nassi\Documents\Codex\2026-09-09\files-pasted-by-the-user-prompt\.npmrc
5 silly config load:file:C:\Users\nassi\.npmrc
6 silly config load:file:C:\Users\nassi\AppData\Roaming\npm\etc\npmrc
7 verbose title npm install
8 verbose argv "install" "--cache" ".npm-cache"
9 verbose logfile logs-max:10 dir:C:\Users\nassi\Documents\Codex\2026-09-09\files-pasted-by-the-user-prompt\.npm-cache\_logs\2026-09-09T18_24_16_327Z-
10 verbose logfile C:\Users\nassi\Documents\Codex\2026-09-09\files-pasted-by-the-user-prompt\.npm-cache\_logs\2026-09-09T18_24_16_327Z-debug-0.log
11 silly logfile done cleaning log files
12 silly packumentCache heap:4496293888 maxSize:1124073472 maxEntrySize:562036736
13 silly idealTree buildDeps
14 silly fetch manifest @vitejs/plugin-react@^4.3.4
15 silly packumentCache full:https://registry.npmjs.org/@vitejs%2fplugin-react cache-miss
16 http fetch GET 200 https://registry.npmjs.org/@vitejs%2fplugin-react 254ms (cache miss)
17 silly packumentCache full:https://registry.npmjs.org/@vitejs%2fplugin-react set size:undefined disposed:false
18 silly fetch manifest vite@^6.0.5
19 silly packumentCache full:https://registry.npmjs.org/vite cache-miss
20 http fetch GET 200 https://registry.npmjs.org/npm 330ms
21 http fetch GET 200 https://registry.npmjs.org/vite 1722ms (cache miss)
22 silly packumentCache full:https://registry.npmjs.org/vite set size:undefined disposed:false
23 silly fetch manifest @types/node@^18.0.0 || ^20.0.0 || >=22.0.0
24 silly packumentCache full:https://registry.npmjs.org/@types%2fnode cache-miss
25 http fetch GET 200 https://registry.npmjs.org/@types%2fnode 489ms (cache miss)
26 silly packumentCache full:https://registry.npmjs.org/@types%2fnode set size:undefined disposed:false
27 silly fetch manifest jiti@>=1.21.0
28 silly packumentCache full:https://registry.npmjs.org/jiti cache-miss
29 http fetch GET 200 https://registry.npmjs.org/jiti 99ms (cache miss)
30 silly packumentCache full:https://registry.npmjs.org/jiti set size:undefined disposed:false
31 silly fetch manifest less@*
32 silly packumentCache full:https://registry.npmjs.org/less cache-miss
33 http fetch GET 200 https://registry.npmjs.org/less 90ms (cache miss)
34 silly packumentCache full:https://registry.npmjs.org/less set size:undefined disposed:false
35 silly fetch manifest lightningcss@^1.21.0
36 silly packumentCache full:https://registry.npmjs.org/lightningcss cache-miss
37 http fetch GET 200 https://registry.npmjs.org/lightningcss 79ms (cache miss)
38 silly packumentCache full:https://registry.npmjs.org/lightningcss set size:undefined disposed:false
39 silly fetch manifest sass@*
40 silly packumentCache full:https://registry.npmjs.org/sass cache-miss
41 http fetch GET 200 https://registry.npmjs.org/sass 135ms (cache miss)
42 silly packumentCache full:https://registry.npmjs.org/sass set size:undefined disposed:false
43 silly fetch manifest sass-embedded@*
44 silly packumentCache full:https://registry.npmjs.org/sass-embedded cache-miss
45 http fetch GET 200 https://registry.npmjs.org/sass-embedded 98ms (cache miss)
46 silly packumentCache full:https://registry.npmjs.org/sass-embedded set size:undefined disposed:false
47 silly fetch manifest stylus@*
48 silly packumentCache full:https://registry.npmjs.org/stylus cache-miss
49 http fetch GET 200 https://registry.npmjs.org/stylus 83ms (cache miss)
50 silly packumentCache full:https://registry.npmjs.org/stylus set size:undefined disposed:false
51 silly fetch manifest sugarss@*
52 silly packumentCache full:https://registry.npmjs.org/sugarss cache-miss
53 http fetch GET 200 https://registry.npmjs.org/sugarss 79ms (cache miss)
54 silly packumentCache full:https://registry.npmjs.org/sugarss set size:undefined disposed:false
55 silly fetch manifest postcss@^8.3.3
56 silly packumentCache full:https://registry.npmjs.org/postcss cache-miss
57 http fetch GET 200 https://registry.npmjs.org/postcss 114ms (cache miss)
58 silly packumentCache full:https://registry.npmjs.org/postcss set size:undefined disposed:false
59 silly fetch manifest terser@^5.16.0
60 silly packumentCache full:https://registry.npmjs.org/terser cache-miss
61 http fetch GET 200 https://registry.npmjs.org/terser 127ms (cache miss)
62 silly packumentCache full:https://registry.npmjs.org/terser set size:undefined disposed:false
63 silly fetch manifest tsx@^4.8.1
64 silly packumentCache full:https://registry.npmjs.org/tsx cache-miss
65 http fetch GET 200 https://registry.npmjs.org/tsx 75ms (cache miss)
66 silly packumentCache full:https://registry.npmjs.org/tsx set size:undefined disposed:false
67 silly fetch manifest yaml@^2.4.2
68 silly packumentCache full:https://registry.npmjs.org/yaml cache-miss
69 http fetch GET 200 https://registry.npmjs.org/yaml 97ms (cache miss)
70 silly packumentCache full:https://registry.npmjs.org/yaml set size:undefined disposed:false
71 silly fetch manifest lucide-react@^0.468.0
72 silly packumentCache full:https://registry.npmjs.org/lucide-react cache-miss
73 http fetch GET 200 https://registry.npmjs.org/lucide-react 187ms (cache miss)
74 silly packumentCache full:https://registry.npmjs.org/lucide-react set size:undefined disposed:false
75 silly fetch manifest react@^18.3.1
76 silly packumentCache full:https://registry.npmjs.org/react cache-miss
77 http fetch GET 200 https://registry.npmjs.org/react 518ms (cache miss)
78 silly packumentCache full:https://registry.npmjs.org/react set size:undefined disposed:false
79 silly fetch manifest react-dom@^18.3.1
80 silly packumentCache full:https://registry.npmjs.org/react-dom cache-miss
81 http fetch GET 200 https://registry.npmjs.org/react-dom 487ms (cache miss)
82 silly packumentCache full:https://registry.npmjs.org/react-dom set size:undefined disposed:false
83 silly fetch manifest recharts@^2.15.0
84 silly packumentCache full:https://registry.npmjs.org/recharts cache-miss
85 http fetch GET 200 https://registry.npmjs.org/recharts 130ms (cache miss)
86 silly packumentCache full:https://registry.npmjs.org/recharts set size:undefined disposed:false
87 silly fetch manifest @types/react@^18.3.18
88 silly packumentCache full:https://registry.npmjs.org/@types%2freact cache-miss
89 http fetch GET 200 https://registry.npmjs.org/@types%2freact 212ms (cache miss)
90 silly packumentCache full:https://registry.npmjs.org/@types%2freact set size:undefined disposed:false
91 silly fetch manifest @types/react-dom@^18.3.5
92 silly packumentCache full:https://registry.npmjs.org/@types%2freact-dom cache-miss
93 http fetch GET 200 https://registry.npmjs.org/@types%2freact-dom 111ms (cache miss)
94 silly packumentCache full:https://registry.npmjs.org/@types%2freact-dom set size:undefined disposed:false
95 silly fetch manifest typescript@^5.7.2
96 silly packumentCache full:https://registry.npmjs.org/typescript cache-miss
97 http fetch GET 200 https://registry.npmjs.org/typescript 663ms (cache miss)
98 silly packumentCache full:https://registry.npmjs.org/typescript set size:undefined disposed:false
99 silly placeDep ROOT @types/react@18.3.31 OK for: cityos-smart-energy-command-center@0.1.0 want: ^18.3.18
100 silly placeDep ROOT @types/react-dom@18.3.7 OK for: cityos-smart-energy-command-center@0.1.0 want: ^18.3.5
101 silly placeDep ROOT @vitejs/plugin-react@4.7.0 OK for: cityos-smart-energy-command-center@0.1.0 want: ^4.3.4
102 silly placeDep ROOT vite@6.4.3 OK for: @vitejs/plugin-react@4.7.0 want: ^4.2.0 || ^5.0.0 || ^6.0.0 || ^7.0.0
103 silly placeDep ROOT lucide-react@0.468.0 OK for: cityos-smart-energy-command-center@0.1.0 want: ^0.468.0
104 silly placeDep ROOT react@18.3.1 OK for: lucide-react@0.468.0 want: ^16.5.1 || ^17.0.0 || ^18.0.0 || ^19.0.0-rc
105 silly placeDep ROOT react-dom@18.3.1 OK for: cityos-smart-energy-command-center@0.1.0 want: ^18.3.1
106 silly placeDep ROOT recharts@2.15.4 OK for: cityos-smart-energy-command-center@0.1.0 want: ^2.15.0
107 silly placeDep ROOT typescript@5.9.3 OK for: cityos-smart-energy-command-center@0.1.0 want: ^5.7.2
108 silly fetch manifest csstype@^3.2.2
109 silly packumentCache full:https://registry.npmjs.org/csstype cache-miss
110 silly fetch manifest @types/prop-types@*
111 silly packumentCache full:https://registry.npmjs.org/@types%2fprop-types cache-miss
112 silly fetch manifest @babel/core@^7.28.0
113 silly packumentCache full:https://registry.npmjs.org/@babel%2fcore cache-miss
114 silly fetch manifest react-refresh@^0.17.0
115 silly packumentCache full:https://registry.npmjs.org/react-refresh cache-miss
116 silly fetch manifest @types/babel__core@^7.20.5
117 silly packumentCache full:https://registry.npmjs.org/@types%2fbabel__core cache-miss
118 silly fetch manifest @rolldown/pluginutils@1.0.0-beta.27
119 silly packumentCache full:https://registry.npmjs.org/@rolldown%2fpluginutils cache-miss
120 silly fetch manifest @babel/plugin-transform-react-jsx-self@^7.27.1
121 silly packumentCache full:https://registry.npmjs.org/@babel%2fplugin-transform-react-jsx-self cache-miss
122 http fetch GET 200 https://registry.npmjs.org/@types%2fprop-types 80ms (cache miss)
123 silly packumentCache full:https://registry.npmjs.org/@types%2fprop-types set size:undefined disposed:false
124 silly fetch manifest @babel/plugin-transform-react-jsx-source@^7.27.1
125 silly packumentCache full:https://registry.npmjs.org/@babel%2fplugin-transform-react-jsx-source cache-miss
126 http fetch GET 200 https://registry.npmjs.org/csstype 96ms (cache miss)
127 silly packumentCache full:https://registry.npmjs.org/csstype set size:undefined disposed:false
128 silly fetch manifest fdir@^6.4.4
129 silly packumentCache full:https://registry.npmjs.org/fdir cache-miss
130 http fetch GET 200 https://registry.npmjs.org/@babel%2fplugin-transform-react-jsx-source 88ms (cache miss)
131 silly packumentCache full:https://registry.npmjs.org/@babel%2fplugin-transform-react-jsx-source set size:undefined disposed:false
132 silly fetch manifest rollup@^4.34.9
133 silly packumentCache full:https://registry.npmjs.org/rollup cache-miss
134 http fetch GET 200 https://registry.npmjs.org/fdir 86ms (cache miss)
135 silly packumentCache full:https://registry.npmjs.org/fdir set size:undefined disposed:false
136 silly fetch manifest esbuild@^0.25.0
137 silly packumentCache full:https://registry.npmjs.org/esbuild cache-miss
138 http fetch GET 200 https://registry.npmjs.org/@types%2fbabel__core 226ms (cache miss)
139 silly packumentCache full:https://registry.npmjs.org/@types%2fbabel__core set size:undefined disposed:false
140 silly fetch manifest postcss@^8.5.3
141 silly packumentCache full:https://registry.npmjs.org/postcss cache-miss
142 http cache https://registry.npmjs.org/postcss 15ms (cache hit)
143 silly packumentCache full:https://registry.npmjs.org/postcss set size:766699 disposed:false
144 silly fetch manifest picomatch@^4.0.2
145 silly packumentCache full:https://registry.npmjs.org/picomatch cache-miss
146 http fetch GET 200 https://registry.npmjs.org/@babel%2fplugin-transform-react-jsx-self 268ms (cache miss)
147 silly packumentCache full:https://registry.npmjs.org/@babel%2fplugin-transform-react-jsx-self set size:undefined disposed:false
148 silly fetch manifest tinyglobby@^0.2.13
149 silly packumentCache full:https://registry.npmjs.org/tinyglobby cache-miss
150 http fetch GET 200 https://registry.npmjs.org/@babel%2fcore 290ms (cache miss)
151 silly packumentCache full:https://registry.npmjs.org/@babel%2fcore set size:undefined disposed:false
152 silly fetch manifest fsevents@~2.3.3
153 silly packumentCache full:https://registry.npmjs.org/fsevents cache-miss
154 http fetch GET 200 https://registry.npmjs.org/@rolldown%2fpluginutils 312ms (cache miss)
155 silly packumentCache full:https://registry.npmjs.org/@rolldown%2fpluginutils set size:undefined disposed:false
156 silly fetch manifest loose-envify@^1.1.0
157 silly packumentCache full:https://registry.npmjs.org/loose-envify cache-miss
158 http fetch GET 200 https://registry.npmjs.org/fsevents 294ms (cache miss)
159 silly packumentCache full:https://registry.npmjs.org/fsevents set size:undefined disposed:false
160 silly fetch manifest scheduler@^0.23.2
161 silly packumentCache full:https://registry.npmjs.org/scheduler cache-miss
162 http fetch GET 200 https://registry.npmjs.org/esbuild 415ms (cache miss)
163 silly packumentCache full:https://registry.npmjs.org/esbuild set size:undefined disposed:false
164 silly fetch manifest loose-envify@^1.1.0
165 silly packumentCache full:https://registry.npmjs.org/loose-envify cache-miss
166 http fetch GET 200 https://registry.npmjs.org/rollup 534ms (cache miss)
167 silly packumentCache full:https://registry.npmjs.org/rollup set size:undefined disposed:false
168 silly fetch manifest clsx@^2.0.0
169 silly packumentCache full:https://registry.npmjs.org/clsx cache-miss
170 http fetch GET 200 https://registry.npmjs.org/loose-envify 441ms (cache miss)
171 silly packumentCache full:https://registry.npmjs.org/loose-envify set size:undefined disposed:false
172 silly fetch manifest lodash@^4.17.21
173 silly packumentCache full:https://registry.npmjs.org/lodash cache-miss
174 http fetch GET 200 https://registry.npmjs.org/loose-envify 149ms (cache miss)
175 silly packumentCache full:https://registry.npmjs.org/loose-envify set size:undefined disposed:false
176 silly fetch manifest react-is@^18.3.1
177 silly packumentCache full:https://registry.npmjs.org/react-is cache-miss
178 http fetch GET 200 https://registry.npmjs.org/tinyglobby 490ms (cache miss)
179 silly packumentCache full:https://registry.npmjs.org/tinyglobby set size:undefined disposed:false
180 silly fetch manifest react-smooth@^4.0.4
181 silly packumentCache full:https://registry.npmjs.org/react-smooth cache-miss
182 http fetch GET 200 https://registry.npmjs.org/picomatch 591ms (cache miss)
183 silly packumentCache full:https://registry.npmjs.org/picomatch set size:undefined disposed:false
184 silly fetch manifest eventemitter3@^4.0.1
185 silly packumentCache full:https://registry.npmjs.org/eventemitter3 cache-miss
186 http fetch GET 200 https://registry.npmjs.org/clsx 109ms (cache miss)
187 silly packumentCache full:https://registry.npmjs.org/clsx set size:undefined disposed:false
188 silly fetch manifest recharts-scale@^0.4.4
189 silly packumentCache full:https://registry.npmjs.org/recharts-scale cache-miss
190 http fetch GET 200 https://registry.npmjs.org/lodash 163ms (cache miss)
191 silly packumentCache full:https://registry.npmjs.org/lodash set size:undefined disposed:false
192 silly fetch manifest tiny-invariant@^1.3.1
193 silly packumentCache full:https://registry.npmjs.org/tiny-invariant cache-miss
194 http fetch GET 200 https://registry.npmjs.org/tiny-invariant 185ms (cache miss)
195 silly packumentCache full:https://registry.npmjs.org/tiny-invariant set size:undefined disposed:false
196 silly fetch manifest victory-vendor@^36.6.8
197 silly packumentCache full:https://registry.npmjs.org/victory-vendor cache-miss
198 http fetch GET 200 https://registry.npmjs.org/react-smooth 360ms (cache miss)
199 silly packumentCache full:https://registry.npmjs.org/react-smooth set size:undefined disposed:false
200 http fetch GET 200 https://registry.npmjs.org/recharts-scale 354ms (cache miss)
201 silly packumentCache full:https://registry.npmjs.org/recharts-scale set size:undefined disposed:false
202 http fetch GET 200 https://registry.npmjs.org/victory-vendor 177ms (cache miss)
203 silly packumentCache full:https://registry.npmjs.org/victory-vendor set size:undefined disposed:false
204 http fetch GET 200 https://registry.npmjs.org/eventemitter3 532ms (cache miss)
205 silly packumentCache full:https://registry.npmjs.org/eventemitter3 set size:undefined disposed:false
206 http fetch GET 200 https://registry.npmjs.org/scheduler 823ms (cache miss)
207 silly packumentCache full:https://registry.npmjs.org/scheduler set size:undefined disposed:false
208 http fetch GET 200 https://registry.npmjs.org/react-refresh 1485ms (cache miss)
209 silly packumentCache full:https://registry.npmjs.org/react-refresh set size:undefined disposed:false
210 http fetch GET 200 https://registry.npmjs.org/react-is 1733ms (cache miss)
211 silly packumentCache full:https://registry.npmjs.org/react-is set size:undefined disposed:false
212 silly placeDep ROOT @types/prop-types@15.7.15 OK for: @types/react@18.3.31 want: *
213 silly placeDep ROOT csstype@3.2.3 OK for: @types/react@18.3.31 want: ^3.2.2
214 silly placeDep ROOT @babel/core@7.29.7 OK for: @vitejs/plugin-react@4.7.0 want: ^7.28.0
215 silly placeDep ROOT @babel/plugin-transform-react-jsx-self@7.29.7 OK for: @vitejs/plugin-react@4.7.0 want: ^7.27.1
216 silly placeDep ROOT @babel/plugin-transform-react-jsx-source@7.29.7 OK for: @vitejs/plugin-react@4.7.0 want: ^7.27.1
217 silly placeDep ROOT @rolldown/pluginutils@1.0.0-beta.27 OK for: @vitejs/plugin-react@4.7.0 want: 1.0.0-beta.27
218 silly placeDep ROOT @types/babel__core@7.20.5 OK for: @vitejs/plugin-react@4.7.0 want: ^7.20.5
219 silly placeDep ROOT react-refresh@0.17.0 OK for: @vitejs/plugin-react@4.7.0 want: ^0.17.0
220 silly fetch manifest debug@^4.1.0
221 silly packumentCache full:https://registry.npmjs.org/debug cache-miss
222 silly fetch manifest json5@^2.2.3
223 silly packumentCache full:https://registry.npmjs.org/json5 cache-miss
224 silly fetch manifest semver@^6.3.1
225 silly packumentCache full:https://registry.npmjs.org/semver cache-miss
226 silly fetch manifest gensync@^1.0.0-beta.2
227 silly packumentCache full:https://registry.npmjs.org/gensync cache-miss
228 silly fetch manifest @babel/types@^7.29.7
229 silly packumentCache full:https://registry.npmjs.org/@babel%2ftypes cache-miss
230 silly fetch manifest @babel/parser@^7.29.7
231 silly packumentCache full:https://registry.npmjs.org/@babel%2fparser cache-miss
232 silly fetch manifest @babel/helpers@^7.29.7
233 silly packumentCache full:https://registry.npmjs.org/@babel%2fhelpers cache-miss
234 http fetch GET 200 https://registry.npmjs.org/gensync 75ms (cache miss)
235 silly packumentCache full:https://registry.npmjs.org/gensync set size:undefined disposed:false
236 silly fetch manifest @babel/template@^7.29.7
237 silly packumentCache full:https://registry.npmjs.org/@babel%2ftemplate cache-miss
238 http fetch GET 200 https://registry.npmjs.org/json5 85ms (cache miss)
239 silly packumentCache full:https://registry.npmjs.org/json5 set size:undefined disposed:false
240 silly fetch manifest @babel/traverse@^7.29.7
241 silly packumentCache full:https://registry.npmjs.org/@babel%2ftraverse cache-miss
242 http fetch GET 200 https://registry.npmjs.org/debug 100ms (cache miss)
243 silly packumentCache full:https://registry.npmjs.org/debug set size:undefined disposed:false
244 silly fetch manifest @babel/generator@^7.29.7
245 silly packumentCache full:https://registry.npmjs.org/@babel%2fgenerator cache-miss
246 http fetch GET 200 https://registry.npmjs.org/semver 114ms (cache miss)
247 silly packumentCache full:https://registry.npmjs.org/semver set size:undefined disposed:false
248 silly fetch manifest @babel/code-frame@^7.29.7
249 silly packumentCache full:https://registry.npmjs.org/@babel%2fcode-frame cache-miss
250 http fetch GET 200 https://registry.npmjs.org/@babel%2ftypes 178ms (cache miss)
251 silly packumentCache full:https://registry.npmjs.org/@babel%2ftypes set size:undefined disposed:false
252 silly fetch manifest convert-source-map@^2.0.0
253 silly packumentCache full:https://registry.npmjs.org/convert-source-map cache-miss
254 http fetch GET 200 https://registry.npmjs.org/@babel%2fhelpers 200ms (cache miss)
255 silly packumentCache full:https://registry.npmjs.org/@babel%2fhelpers set size:undefined disposed:false
256 silly fetch manifest @jridgewell/remapping@^2.3.5
257 silly packumentCache full:https://registry.npmjs.org/@jridgewell%2fremapping cache-miss
258 http fetch GET 200 https://registry.npmjs.org/@babel%2ftraverse 161ms (cache miss)
259 silly packumentCache full:https://registry.npmjs.org/@babel%2ftraverse set size:undefined disposed:false
260 silly fetch manifest @babel/helper-module-transforms@^7.29.7
261 silly packumentCache full:https://registry.npmjs.org/@babel%2fhelper-module-transforms cache-miss
262 http fetch GET 200 https://registry.npmjs.org/@babel%2fparser 255ms (cache miss)
263 silly packumentCache full:https://registry.npmjs.org/@babel%2fparser set size:undefined disposed:false
264 silly fetch manifest @babel/helper-compilation-targets@^7.29.7
265 silly packumentCache full:https://registry.npmjs.org/@babel%2fhelper-compilation-targets cache-miss
266 http fetch GET 200 https://registry.npmjs.org/@babel%2fcode-frame 169ms (cache miss)
267 silly packumentCache full:https://registry.npmjs.org/@babel%2fcode-frame set size:undefined disposed:false
268 silly fetch manifest @babel/helper-plugin-utils@^7.29.7
269 silly packumentCache full:https://registry.npmjs.org/@babel%2fhelper-plugin-utils cache-miss
270 http fetch GET 200 https://registry.npmjs.org/@babel%2ftemplate 226ms (cache miss)
271 silly packumentCache full:https://registry.npmjs.org/@babel%2ftemplate set size:undefined disposed:false
272 silly fetch manifest @babel/helper-plugin-utils@^7.29.7
273 silly packumentCache full:https://registry.npmjs.org/@babel%2fhelper-plugin-utils cache-miss
274 http fetch GET 200 https://registry.npmjs.org/@jridgewell%2fremapping 107ms (cache miss)
275 silly packumentCache full:https://registry.npmjs.org/@jridgewell%2fremapping set size:undefined disposed:false
276 silly fetch manifest @babel/types@^7.20.7
277 silly packumentCache full:https://registry.npmjs.org/@babel%2ftypes cache-miss
278 http fetch GET 200 https://registry.npmjs.org/convert-source-map 131ms (cache miss)
279 silly packumentCache full:https://registry.npmjs.org/convert-source-map set size:undefined disposed:false
280 silly fetch manifest @babel/parser@^7.20.7
281 silly packumentCache full:https://registry.npmjs.org/@babel%2fparser cache-miss
282 http fetch GET 200 https://registry.npmjs.org/@babel%2fgenerator 220ms (cache miss)
283 silly packumentCache full:https://registry.npmjs.org/@babel%2fgenerator set size:undefined disposed:false
284 silly fetch manifest @types/babel__template@*
285 silly packumentCache full:https://registry.npmjs.org/@types%2fbabel__template cache-miss
286 http cache https://registry.npmjs.org/@babel%2fparser 21ms (cache hit)
287 silly packumentCache full:https://registry.npmjs.org/@babel%2fparser set size:737961 disposed:false
288 silly fetch manifest @types/babel__traverse@*
289 silly packumentCache full:https://registry.npmjs.org/@types%2fbabel__traverse cache-miss
290 http cache https://registry.npmjs.org/@babel%2ftypes 34ms (cache hit)
291 silly packumentCache full:https://registry.npmjs.org/@babel%2ftypes set size:502938 disposed:false
292 silly fetch manifest @types/babel__generator@*
293 silly packumentCache full:https://registry.npmjs.org/@types%2fbabel__generator cache-miss
294 http fetch GET 200 https://registry.npmjs.org/@babel%2fhelper-module-transforms 117ms (cache miss)
295 silly packumentCache full:https://registry.npmjs.org/@babel%2fhelper-module-transforms set size:undefined disposed:false
296 http fetch GET 200 https://registry.npmjs.org/@babel%2fhelper-compilation-targets 112ms (cache miss)
297 silly packumentCache full:https://registry.npmjs.org/@babel%2fhelper-compilation-targets set size:undefined disposed:false
298 http fetch GET 200 https://registry.npmjs.org/@babel%2fhelper-plugin-utils 95ms (cache miss)
299 silly packumentCache full:https://registry.npmjs.org/@babel%2fhelper-plugin-utils set size:undefined disposed:false
300 http fetch GET 200 https://registry.npmjs.org/@types%2fbabel__generator 76ms (cache miss)
301 silly packumentCache full:https://registry.npmjs.org/@types%2fbabel__generator set size:undefined disposed:false
302 http fetch GET 200 https://registry.npmjs.org/@types%2fbabel__traverse 95ms (cache miss)
303 silly packumentCache full:https://registry.npmjs.org/@types%2fbabel__traverse set size:undefined disposed:false
304 http fetch GET 200 https://registry.npmjs.org/@babel%2fhelper-plugin-utils 147ms (cache miss)
305 silly packumentCache full:https://registry.npmjs.org/@babel%2fhelper-plugin-utils set size:undefined disposed:false
306 http fetch GET 200 https://registry.npmjs.org/@types%2fbabel__template 233ms (cache miss)
307 silly packumentCache full:https://registry.npmjs.org/@types%2fbabel__template set size:undefined disposed:false
308 silly fetch manifest @babel/core@^7.0.0
309 silly packumentCache full:https://registry.npmjs.org/@babel%2fcore cache-miss
310 http cache https://registry.npmjs.org/@babel%2fcore 18ms (cache hit)
311 silly packumentCache full:https://registry.npmjs.org/@babel%2fcore set size:788273 disposed:false
312 silly placeDep ROOT @babel/code-frame@7.29.7 OK for: @babel/core@7.29.7 want: ^7.29.7
313 silly placeDep ROOT @babel/generator@7.29.8 OK for: @babel/core@7.29.7 want: ^7.29.7
314 silly placeDep ROOT @babel/helper-compilation-targets@7.29.7 OK for: @babel/core@7.29.7 want: ^7.29.7
315 silly placeDep ROOT @babel/helper-module-transforms@7.29.7 OK for: @babel/core@7.29.7 want: ^7.29.7
316 silly placeDep ROOT @babel/helpers@7.29.7 OK for: @babel/core@7.29.7 want: ^7.29.7
317 silly placeDep ROOT @babel/parser@7.29.8 OK for: @babel/core@7.29.7 want: ^7.29.7
318 silly placeDep ROOT @babel/template@7.29.7 OK for: @babel/core@7.29.7 want: ^7.29.7
319 silly placeDep ROOT @babel/traverse@7.29.8 OK for: @babel/core@7.29.7 want: ^7.29.7
320 silly placeDep ROOT @babel/types@7.29.8 OK for: @babel/core@7.29.7 want: ^7.29.7
321 silly placeDep ROOT @jridgewell/remapping@2.3.5 OK for: @babel/core@7.29.7 want: ^2.3.5
322 silly placeDep ROOT convert-source-map@2.0.0 OK for: @babel/core@7.29.7 want: ^2.0.0
323 silly placeDep ROOT debug@4.4.3 OK for: @babel/core@7.29.7 want: ^4.1.0
324 silly placeDep ROOT gensync@1.0.0-beta.2 OK for: @babel/core@7.29.7 want: ^1.0.0-beta.2
325 silly placeDep ROOT json5@2.2.3 OK for: @babel/core@7.29.7 want: ^2.2.3
326 silly placeDep ROOT semver@6.3.1 OK for: @babel/core@7.29.7 want: ^6.3.1
327 silly fetch manifest js-tokens@^4.0.0
328 silly packumentCache full:https://registry.npmjs.org/js-tokens cache-miss
329 silly fetch manifest picocolors@^1.1.1
330 silly packumentCache full:https://registry.npmjs.org/picocolors cache-miss
331 silly fetch manifest @babel/helper-validator-identifier@^7.29.7
332 silly packumentCache full:https://registry.npmjs.org/@babel%2fhelper-validator-identifier cache-miss
333 silly fetch manifest jsesc@^3.0.2
334 silly packumentCache full:https://registry.npmjs.org/jsesc cache-miss
335 silly fetch manifest @babel/types@^7.29.8
336 silly packumentCache full:https://registry.npmjs.org/@babel%2ftypes cache-hit
337 silly fetch manifest @babel/parser@^7.29.8
338 silly packumentCache full:https://registry.npmjs.org/@babel%2fparser cache-hit
339 silly fetch manifest @jridgewell/gen-mapping@^0.3.12
340 silly packumentCache full:https://registry.npmjs.org/@jridgewell%2fgen-mapping cache-miss
341 silly fetch manifest @jridgewell/trace-mapping@^0.3.28
342 silly packumentCache full:https://registry.npmjs.org/@jridgewell%2ftrace-mapping cache-miss
343 silly fetch manifest lru-cache@^5.1.1
344 silly packumentCache full:https://registry.npmjs.org/lru-cache cache-miss
345 http fetch GET 200 https://registry.npmjs.org/js-tokens 71ms (cache miss)
346 silly packumentCache full:https://registry.npmjs.org/js-tokens set size:undefined disposed:false
347 silly fetch manifest browserslist@^4.24.0
348 silly packumentCache full:https://registry.npmjs.org/browserslist cache-miss
349 http fetch GET 200 https://registry.npmjs.org/jsesc 88ms (cache miss)
350 silly packumentCache full:https://registry.npmjs.org/jsesc set size:undefined disposed:false
351 silly fetch manifest @babel/compat-data@^7.29.7
352 silly packumentCache full:https://registry.npmjs.org/@babel%2fcompat-data cache-miss
353 http fetch GET 200 https://registry.npmjs.org/picocolors 95ms (cache miss)
354 silly packumentCache full:https://registry.npmjs.org/picocolors set size:undefined disposed:false
355 silly fetch manifest @babel/helper-validator-option@^7.29.7
356 silly packumentCache full:https://registry.npmjs.org/@babel%2fhelper-validator-option cache-miss
357 http fetch GET 200 https://registry.npmjs.org/@jridgewell%2fgen-mapping 107ms (cache miss)
358 silly packumentCache full:https://registry.npmjs.org/@jridgewell%2fgen-mapping set size:undefined disposed:false
359 silly fetch manifest @babel/helper-module-imports@^7.29.7
360 silly packumentCache full:https://registry.npmjs.org/@babel%2fhelper-module-imports cache-miss
361 http fetch GET 200 https://registry.npmjs.org/@babel%2fhelper-validator-identifier 113ms (cache miss)
362 silly packumentCache full:https://registry.npmjs.org/@babel%2fhelper-validator-identifier set size:undefined disposed:false
363 silly fetch manifest debug@^4.3.1
364 silly packumentCache full:https://registry.npmjs.org/debug cache-miss
365 http cache https://registry.npmjs.org/debug 14ms (cache hit)
366 silly packumentCache full:https://registry.npmjs.org/debug set size:195840 disposed:false
367 silly fetch manifest @babel/helper-globals@^7.29.7
368 silly packumentCache full:https://registry.npmjs.org/@babel%2fhelper-globals cache-miss
369 http fetch GET 200 https://registry.npmjs.org/@jridgewell%2ftrace-mapping 147ms (cache miss)
370 silly packumentCache full:https://registry.npmjs.org/@jridgewell%2ftrace-mapping set size:undefined disposed:false
371 silly fetch manifest @babel/helper-string-parser@^7.29.7
372 silly packumentCache full:https://registry.npmjs.org/@babel%2fhelper-string-parser cache-miss
373 http fetch GET 200 https://registry.npmjs.org/lru-cache 151ms (cache miss)
374 silly packumentCache full:https://registry.npmjs.org/lru-cache set size:undefined disposed:false
375 silly fetch manifest @jridgewell/gen-mapping@^0.3.5
376 silly packumentCache full:https://registry.npmjs.org/@jridgewell%2fgen-mapping cache-miss
377 http cache https://registry.npmjs.org/@jridgewell%2fgen-mapping 10ms (cache hit)
378 silly packumentCache full:https://registry.npmjs.org/@jridgewell%2fgen-mapping set size:75941 disposed:false
379 silly fetch manifest @jridgewell/trace-mapping@^0.3.24
380 silly packumentCache full:https://registry.npmjs.org/@jridgewell%2ftrace-mapping cache-miss
381 http cache https://registry.npmjs.org/@jridgewell%2ftrace-mapping 15ms (cache hit)
382 silly packumentCache full:https://registry.npmjs.org/@jridgewell%2ftrace-mapping set size:170909 disposed:false
383 silly fetch manifest ms@^2.1.3
384 silly packumentCache full:https://registry.npmjs.org/ms cache-miss
385 http fetch GET 200 https://registry.npmjs.org/browserslist 123ms (cache miss)
386 silly packumentCache full:https://registry.npmjs.org/browserslist set size:undefined disposed:false
387 http fetch GET 200 https://registry.npmjs.org/@babel%2fhelper-validator-option 115ms (cache miss)
388 silly packumentCache full:https://registry.npmjs.org/@babel%2fhelper-validator-option set size:undefined disposed:false
389 http fetch GET 200 https://registry.npmjs.org/@babel%2fcompat-data 145ms (cache miss)
390 silly packumentCache full:https://registry.npmjs.org/@babel%2fcompat-data set size:undefined disposed:false
391 http fetch GET 200 https://registry.npmjs.org/@babel%2fhelper-module-imports 131ms (cache miss)
392 silly packumentCache full:https://registry.npmjs.org/@babel%2fhelper-module-imports set size:undefined disposed:false
393 http fetch GET 200 https://registry.npmjs.org/@babel%2fhelper-globals 110ms (cache miss)
394 silly packumentCache full:https://registry.npmjs.org/@babel%2fhelper-globals set size:undefined disposed:false
395 http fetch GET 200 https://registry.npmjs.org/@babel%2fhelper-string-parser 99ms (cache miss)
396 silly packumentCache full:https://registry.npmjs.org/@babel%2fhelper-string-parser set size:undefined disposed:false
397 http fetch GET 200 https://registry.npmjs.org/ms 86ms (cache miss)
398 silly packumentCache full:https://registry.npmjs.org/ms set size:undefined disposed:false
399 silly placeDep ROOT @babel/helper-validator-identifier@7.29.7 OK for: @babel/code-frame@7.29.7 want: ^7.29.7
400 silly placeDep ROOT js-tokens@4.0.0 OK for: @babel/code-frame@7.29.7 want: ^4.0.0
401 silly placeDep ROOT picocolors@1.1.1 OK for: @babel/code-frame@7.29.7 want: ^1.1.1
402 silly placeDep ROOT @jridgewell/gen-mapping@0.3.13 OK for: @babel/generator@7.29.8 want: ^0.3.12
403 silly placeDep ROOT @jridgewell/trace-mapping@0.3.31 OK for: @babel/generator@7.29.8 want: ^0.3.28
404 silly placeDep ROOT jsesc@3.1.0 OK for: @babel/generator@7.29.8 want: ^3.0.2
405 silly fetch manifest @jridgewell/sourcemap-codec@^1.5.0
406 silly packumentCache full:https://registry.npmjs.org/@jridgewell%2fsourcemap-codec cache-miss
407 silly fetch manifest @jridgewell/resolve-uri@^3.1.0
408 silly packumentCache full:https://registry.npmjs.org/@jridgewell%2fresolve-uri cache-miss
409 silly fetch manifest @jridgewell/sourcemap-codec@^1.4.14
410 silly packumentCache full:https://registry.npmjs.org/@jridgewell%2fsourcemap-codec cache-miss
411 http fetch GET 200 https://registry.npmjs.org/@jridgewell%2fsourcemap-codec 89ms (cache miss)
412 silly packumentCache full:https://registry.npmjs.org/@jridgewell%2fsourcemap-codec set size:undefined disposed:false
413 http fetch GET 200 https://registry.npmjs.org/@jridgewell%2fresolve-uri 92ms (cache miss)
414 silly packumentCache full:https://registry.npmjs.org/@jridgewell%2fresolve-uri set size:undefined disposed:false
415 http fetch GET 200 https://registry.npmjs.org/@jridgewell%2fsourcemap-codec 102ms (cache miss)
416 silly packumentCache full:https://registry.npmjs.org/@jridgewell%2fsourcemap-codec set size:undefined disposed:false
417 silly placeDep ROOT @babel/compat-data@7.29.7 OK for: @babel/helper-compilation-targets@7.29.7 want: ^7.29.7
418 silly placeDep ROOT @babel/helper-validator-option@7.29.7 OK for: @babel/helper-compilation-targets@7.29.7 want: ^7.29.7
419 silly placeDep ROOT browserslist@4.28.9 OK for: @babel/helper-compilation-targets@7.29.7 want: ^4.24.0
420 silly placeDep ROOT lru-cache@5.1.1 OK for: @babel/helper-compilation-targets@7.29.7 want: ^5.1.1
421 silly fetch manifest caniuse-lite@^1.0.30001810
422 silly packumentCache full:https://registry.npmjs.org/caniuse-lite cache-miss
423 silly fetch manifest node-releases@^2.0.54
424 silly packumentCache full:https://registry.npmjs.org/node-releases cache-miss
425 silly fetch manifest electron-to-chromium@^1.5.420
426 silly packumentCache full:https://registry.npmjs.org/electron-to-chromium cache-miss
427 silly fetch manifest update-browserslist-db@^1.3.2
428 silly packumentCache full:https://registry.npmjs.org/update-browserslist-db cache-miss
429 silly fetch manifest baseline-browser-mapping@^2.11.20
430 silly packumentCache full:https://registry.npmjs.org/baseline-browser-mapping cache-miss
431 silly fetch manifest yallist@^3.0.2
432 silly packumentCache full:https://registry.npmjs.org/yallist cache-miss
433 http fetch GET 200 https://registry.npmjs.org/yallist 63ms (cache miss)
434 silly packumentCache full:https://registry.npmjs.org/yallist set size:undefined disposed:false
435 http fetch GET 200 https://registry.npmjs.org/update-browserslist-db 104ms (cache miss)
436 silly packumentCache full:https://registry.npmjs.org/update-browserslist-db set size:undefined disposed:false
437 http fetch GET 200 https://registry.npmjs.org/baseline-browser-mapping 116ms (cache miss)
438 silly packumentCache full:https://registry.npmjs.org/baseline-browser-mapping set size:undefined disposed:false
439 http fetch GET 200 https://registry.npmjs.org/node-releases 155ms (cache miss)
440 silly packumentCache full:https://registry.npmjs.org/node-releases set size:undefined disposed:false
441 http fetch GET 200 https://registry.npmjs.org/caniuse-lite 345ms (cache miss)
442 silly packumentCache full:https://registry.npmjs.org/caniuse-lite set size:undefined disposed:false
443 http fetch GET 200 https://registry.npmjs.org/electron-to-chromium 898ms (cache miss)
444 silly packumentCache full:https://registry.npmjs.org/electron-to-chromium set size:undefined disposed:false
445 silly placeDep ROOT @babel/helper-module-imports@7.29.7 OK for: @babel/helper-module-transforms@7.29.7 want: ^7.29.7
446 silly placeDep ROOT @babel/helper-plugin-utils@7.29.7 OK for: @babel/plugin-transform-react-jsx-self@7.29.7 want: ^7.29.7
447 silly placeDep ROOT @babel/helper-globals@7.29.7 OK for: @babel/traverse@7.29.8 want: ^7.29.7
448 silly placeDep ROOT @babel/helper-string-parser@7.29.7 OK for: @babel/types@7.29.8 want: ^7.29.7
449 silly placeDep ROOT @jridgewell/sourcemap-codec@1.6.0 OK for: @jridgewell/gen-mapping@0.3.13 want: ^1.5.0
450 silly placeDep ROOT @jridgewell/resolve-uri@3.1.2 OK for: @jridgewell/trace-mapping@0.3.31 want: ^3.1.0
451 silly placeDep ROOT @types/babel__generator@7.27.0 OK for: @types/babel__core@7.20.5 want: *
452 silly placeDep ROOT @types/babel__template@7.4.4 OK for: @types/babel__core@7.20.5 want: *
453 silly placeDep ROOT @types/babel__traverse@7.28.0 OK for: @types/babel__core@7.20.5 want: *
454 silly fetch manifest browserslist@>= 4.21.0
455 silly packumentCache full:https://registry.npmjs.org/browserslist cache-miss
456 http cache https://registry.npmjs.org/browserslist 16ms (cache hit)
457 silly packumentCache full:https://registry.npmjs.org/browserslist set size:521015 disposed:false
458 silly placeDep ROOT baseline-browser-mapping@2.11.21 OK for: browserslist@4.28.9 want: ^2.11.20
459 silly placeDep ROOT caniuse-lite@1.0.30001810 OK for: browserslist@4.28.9 want: ^1.0.30001810
460 silly placeDep ROOT electron-to-chromium@1.5.425 OK for: browserslist@4.28.9 want: ^1.5.420
461 silly placeDep ROOT node-releases@2.0.55 OK for: browserslist@4.28.9 want: ^2.0.54
462 silly placeDep ROOT update-browserslist-db@1.3.2 OK for: browserslist@4.28.9 want: ^1.3.2
463 silly fetch manifest escalade@^3.2.0
464 silly packumentCache full:https://registry.npmjs.org/escalade cache-miss
465 http fetch GET 200 https://registry.npmjs.org/escalade 57ms (cache miss)
466 silly packumentCache full:https://registry.npmjs.org/escalade set size:undefined disposed:false
467 silly placeDep ROOT ms@2.1.3 OK for: debug@4.4.3 want: ^2.1.3
468 silly placeDep ROOT yallist@3.1.1 OK for: lru-cache@5.1.1 want: ^3.0.2
469 silly placeDep ROOT loose-envify@1.4.0 OK for: react@18.3.1 want: ^1.1.0
470 silly placeDep ROOT scheduler@0.23.2 OK for: react-dom@18.3.1 want: ^0.23.2
471 silly fetch manifest react@^16.0.0 || ^17.0.0 || ^18.0.0 || ^19.0.0
472 silly packumentCache full:https://registry.npmjs.org/react cache-miss
473 http cache https://registry.npmjs.org/react 22ms (cache hit)
474 silly packumentCache full:https://registry.npmjs.org/react set size:6969173 disposed:false
475 silly fetch manifest react-dom@^16.0.0 || ^17.0.0 || ^18.0.0 || ^19.0.0
476 silly packumentCache full:https://registry.npmjs.org/react-dom cache-miss
477 http cache https://registry.npmjs.org/react-dom 49ms (cache hit)
478 silly packumentCache full:https://registry.npmjs.org/react-dom set size:9379810 disposed:false
479 silly placeDep ROOT clsx@2.1.1 OK for: recharts@2.15.4 want: ^2.0.0
480 silly placeDep ROOT eventemitter3@4.0.7 OK for: recharts@2.15.4 want: ^4.0.1
481 silly placeDep ROOT lodash@4.18.1 OK for: recharts@2.15.4 want: ^4.17.21
482 silly placeDep ROOT react-is@18.3.1 OK for: recharts@2.15.4 want: ^18.3.1
483 silly placeDep ROOT react-smooth@4.0.4 OK for: recharts@2.15.4 want: ^4.0.4
484 silly placeDep ROOT recharts-scale@0.4.5 OK for: recharts@2.15.4 want: ^0.4.4
485 silly placeDep ROOT tiny-invariant@1.3.3 OK for: recharts@2.15.4 want: ^1.3.1
486 silly placeDep ROOT victory-vendor@36.9.2 OK for: recharts@2.15.4 want: ^36.6.8
487 silly fetch manifest fast-equals@^5.0.1
488 silly packumentCache full:https://registry.npmjs.org/fast-equals cache-miss
489 silly fetch manifest prop-types@^15.8.1
490 silly packumentCache full:https://registry.npmjs.org/prop-types cache-miss
491 silly fetch manifest react-transition-group@^4.4.5
492 silly packumentCache full:https://registry.npmjs.org/react-transition-group cache-miss
493 silly fetch manifest decimal.js-light@^2.4.1
494 silly packumentCache full:https://registry.npmjs.org/decimal.js-light cache-miss
495 silly fetch manifest d3-ease@^3.0.1
496 silly packumentCache full:https://registry.npmjs.org/d3-ease cache-miss
497 silly fetch manifest d3-time@^3.0.0
498 silly packumentCache full:https://registry.npmjs.org/d3-time cache-miss
499 silly fetch manifest d3-array@^3.1.6
500 silly packumentCache full:https://registry.npmjs.org/d3-array cache-miss
501 http fetch GET 200 https://registry.npmjs.org/decimal.js-light 72ms (cache miss)
502 silly packumentCache full:https://registry.npmjs.org/decimal.js-light set size:undefined disposed:false
503 silly fetch manifest d3-scale@^4.0.2
504 silly packumentCache full:https://registry.npmjs.org/d3-scale cache-miss
505 http fetch GET 200 https://registry.npmjs.org/d3-ease 85ms (cache miss)
506 silly packumentCache full:https://registry.npmjs.org/d3-ease set size:undefined disposed:false
507 silly fetch manifest d3-shape@^3.1.0
508 silly packumentCache full:https://registry.npmjs.org/d3-shape cache-miss
509 http fetch GET 200 https://registry.npmjs.org/d3-array 96ms (cache miss)
510 silly packumentCache full:https://registry.npmjs.org/d3-array set size:undefined disposed:false
511 silly fetch manifest d3-timer@^3.0.1
512 silly packumentCache full:https://registry.npmjs.org/d3-timer cache-miss
513 http fetch GET 200 https://registry.npmjs.org/d3-time 114ms (cache miss)
514 silly packumentCache full:https://registry.npmjs.org/d3-time set size:undefined disposed:false
515 silly fetch manifest @types/d3-ease@^3.0.0
516 silly packumentCache full:https://registry.npmjs.org/@types%2fd3-ease cache-miss
517 http fetch GET 200 https://registry.npmjs.org/prop-types 126ms (cache miss)
518 silly packumentCache full:https://registry.npmjs.org/prop-types set size:undefined disposed:false
519 silly fetch manifest @types/d3-time@^3.0.0
520 silly packumentCache full:https://registry.npmjs.org/@types%2fd3-time cache-miss
521 http fetch GET 200 https://registry.npmjs.org/fast-equals 133ms (cache miss)
522 silly packumentCache full:https://registry.npmjs.org/fast-equals set size:undefined disposed:false
523 silly fetch manifest d3-interpolate@^3.0.1
524 silly packumentCache full:https://registry.npmjs.org/d3-interpolate cache-miss
525 http fetch GET 200 https://registry.npmjs.org/d3-timer 79ms (cache miss)
526 silly packumentCache full:https://registry.npmjs.org/d3-timer set size:undefined disposed:false
527 silly fetch manifest @types/d3-array@^3.0.3
528 silly packumentCache full:https://registry.npmjs.org/@types%2fd3-array cache-miss
529 http fetch GET 200 https://registry.npmjs.org/d3-shape 105ms (cache miss)
530 silly packumentCache full:https://registry.npmjs.org/d3-shape set size:undefined disposed:false
531 silly fetch manifest @types/d3-scale@^4.0.2
532 silly packumentCache full:https://registry.npmjs.org/@types%2fd3-scale cache-miss
533 http fetch GET 200 https://registry.npmjs.org/d3-scale 133ms (cache miss)
534 silly packumentCache full:https://registry.npmjs.org/d3-scale set size:undefined disposed:false
535 silly fetch manifest @types/d3-shape@^3.1.0
536 silly packumentCache full:https://registry.npmjs.org/@types%2fd3-shape cache-miss
537 http fetch GET 200 https://registry.npmjs.org/@types%2fd3-ease 96ms (cache miss)
538 silly packumentCache full:https://registry.npmjs.org/@types%2fd3-ease set size:undefined disposed:false
539 silly fetch manifest @types/d3-timer@^3.0.0
540 silly packumentCache full:https://registry.npmjs.org/@types%2fd3-timer cache-miss
541 http fetch GET 200 https://registry.npmjs.org/@types%2fd3-time 90ms (cache miss)
542 silly packumentCache full:https://registry.npmjs.org/@types%2fd3-time set size:undefined disposed:false
543 silly fetch manifest @types/d3-interpolate@^3.0.1
544 silly packumentCache full:https://registry.npmjs.org/@types%2fd3-interpolate cache-miss
545 http fetch GET 200 https://registry.npmjs.org/react-transition-group 243ms (cache miss)
546 silly packumentCache full:https://registry.npmjs.org/react-transition-group set size:undefined disposed:false
547 http fetch GET 200 https://registry.npmjs.org/@types%2fd3-array 80ms (cache miss)
548 silly packumentCache full:https://registry.npmjs.org/@types%2fd3-array set size:undefined disposed:false
549 http fetch GET 200 https://registry.npmjs.org/@types%2fd3-interpolate 77ms (cache miss)
550 silly packumentCache full:https://registry.npmjs.org/@types%2fd3-interpolate set size:undefined disposed:false
551 http fetch GET 200 https://registry.npmjs.org/d3-interpolate 299ms (cache miss)
552 silly packumentCache full:https://registry.npmjs.org/d3-interpolate set size:undefined disposed:false
553 http fetch GET 200 https://registry.npmjs.org/@types%2fd3-scale 263ms (cache miss)
554 silly packumentCache full:https://registry.npmjs.org/@types%2fd3-scale set size:undefined disposed:false
555 http fetch GET 200 https://registry.npmjs.org/@types%2fd3-shape 256ms (cache miss)
556 silly packumentCache full:https://registry.npmjs.org/@types%2fd3-shape set size:undefined disposed:false
557 http fetch GET 200 https://registry.npmjs.org/@types%2fd3-timer 264ms (cache miss)
558 silly packumentCache full:https://registry.npmjs.org/@types%2fd3-timer set size:undefined disposed:false
559 silly fetch manifest react@^16.8.0 || ^17.0.0 || ^18.0.0 || ^19.0.0
560 silly packumentCache full:https://registry.npmjs.org/react cache-miss
561 http cache https://registry.npmjs.org/react 33ms (cache hit)
562 silly packumentCache full:https://registry.npmjs.org/react set size:6969173 disposed:false
563 silly fetch manifest react-dom@^16.8.0 || ^17.0.0 || ^18.0.0 || ^19.0.0
564 silly packumentCache full:https://registry.npmjs.org/react-dom cache-miss
565 http cache https://registry.npmjs.org/react-dom 50ms (cache hit)
566 silly packumentCache full:https://registry.npmjs.org/react-dom set size:9379810 disposed:false
567 silly placeDep ROOT fast-equals@5.4.2 OK for: react-smooth@4.0.4 want: ^5.0.1
568 silly placeDep ROOT prop-types@15.8.1 OK for: react-smooth@4.0.4 want: ^15.8.1
569 silly placeDep ROOT react-transition-group@4.4.5 OK for: react-smooth@4.0.4 want: ^4.4.5
570 silly fetch manifest object-assign@^4.1.1
571 silly packumentCache full:https://registry.npmjs.org/object-assign cache-miss
572 silly fetch manifest react-is@^16.13.1
573 silly packumentCache full:https://registry.npmjs.org/react-is cache-miss
574 silly fetch manifest @babel/runtime@^7.5.5
575 silly packumentCache full:https://registry.npmjs.org/@babel%2fruntime cache-miss
576 silly fetch manifest dom-helpers@^5.0.1
577 silly packumentCache full:https://registry.npmjs.org/dom-helpers cache-miss
578 http cache https://registry.npmjs.org/react-is 27ms (cache hit)
579 silly packumentCache full:https://registry.npmjs.org/react-is set size:5641876 disposed:false
580 http fetch GET 200 https://registry.npmjs.org/object-assign 95ms (cache miss)
581 silly packumentCache full:https://registry.npmjs.org/object-assign set size:undefined disposed:false
582 http fetch GET 200 https://registry.npmjs.org/dom-helpers 97ms (cache miss)
583 silly packumentCache full:https://registry.npmjs.org/dom-helpers set size:undefined disposed:false
584 http fetch GET 200 https://registry.npmjs.org/@babel%2fruntime 213ms (cache miss)
585 silly packumentCache full:https://registry.npmjs.org/@babel%2fruntime set size:undefined disposed:false
586 silly placeDep ROOT object-assign@4.1.1 OK for: prop-types@15.8.1 want: ^4.1.1
587 silly placeDep node_modules/prop-types react-is@16.13.1 OK for: prop-types@15.8.1 want: ^16.13.1
588 silly placeDep ROOT @babel/runtime@7.29.7 OK for: react-transition-group@4.4.5 want: ^7.5.5
589 silly placeDep ROOT dom-helpers@5.2.1 OK for: react-transition-group@4.4.5 want: ^5.0.1
590 silly placeDep ROOT decimal.js-light@2.5.1 OK for: recharts-scale@0.4.5 want: ^2.4.1
591 silly placeDep ROOT escalade@3.2.0 OK for: update-browserslist-db@1.3.2 want: ^3.2.0
592 silly placeDep ROOT @types/d3-array@3.2.2 OK for: victory-vendor@36.9.2 want: ^3.0.3
593 silly placeDep ROOT @types/d3-ease@3.0.2 OK for: victory-vendor@36.9.2 want: ^3.0.0
594 silly placeDep ROOT @types/d3-interpolate@3.0.4 OK for: victory-vendor@36.9.2 want: ^3.0.1
595 silly placeDep ROOT @types/d3-scale@4.0.9 OK for: victory-vendor@36.9.2 want: ^4.0.2
596 silly placeDep ROOT @types/d3-shape@3.2.0 OK for: victory-vendor@36.9.2 want: ^3.1.0
597 silly placeDep ROOT @types/d3-time@3.0.4 OK for: victory-vendor@36.9.2 want: ^3.0.0
598 silly placeDep ROOT @types/d3-timer@3.0.2 OK for: victory-vendor@36.9.2 want: ^3.0.0
599 silly placeDep ROOT d3-array@3.2.4 OK for: victory-vendor@36.9.2 want: ^3.1.6
600 silly placeDep ROOT d3-ease@3.0.1 OK for: victory-vendor@36.9.2 want: ^3.0.1
601 silly placeDep ROOT d3-interpolate@3.0.1 OK for: victory-vendor@36.9.2 want: ^3.0.1
602 silly placeDep ROOT d3-scale@4.0.2 OK for: victory-vendor@36.9.2 want: ^4.0.2
603 silly placeDep ROOT d3-shape@3.2.0 OK for: victory-vendor@36.9.2 want: ^3.1.0
604 silly placeDep ROOT d3-time@3.1.0 OK for: victory-vendor@36.9.2 want: ^3.0.0
605 silly placeDep ROOT d3-timer@3.0.1 OK for: victory-vendor@36.9.2 want: ^3.0.1
606 silly fetch manifest @types/d3-color@*
607 silly packumentCache full:https://registry.npmjs.org/@types%2fd3-color cache-miss
608 silly fetch manifest @types/d3-time@*
609 silly packumentCache full:https://registry.npmjs.org/@types%2fd3-time cache-miss
610 silly fetch manifest @types/d3-path@*
611 silly packumentCache full:https://registry.npmjs.org/@types%2fd3-path cache-miss
612 silly fetch manifest internmap@1 - 2
613 silly packumentCache full:https://registry.npmjs.org/internmap cache-miss
614 silly fetch manifest d3-color@1 - 3
615 silly packumentCache full:https://registry.npmjs.org/d3-color cache-miss
616 silly fetch manifest d3-format@1 - 3
617 silly packumentCache full:https://registry.npmjs.org/d3-format cache-miss
618 silly fetch manifest d3-time@2.1.1 - 3
619 silly packumentCache full:https://registry.npmjs.org/d3-time cache-miss
620 http cache https://registry.npmjs.org/@types%2fd3-time 20ms (cache hit)
621 silly packumentCache full:https://registry.npmjs.org/@types%2fd3-time set size:52652 disposed:false
622 silly fetch manifest d3-time-format@2 - 4
623 silly packumentCache full:https://registry.npmjs.org/d3-time-format cache-miss
624 http cache https://registry.npmjs.org/d3-time 20ms (cache hit)
625 silly packumentCache full:https://registry.npmjs.org/d3-time set size:150406 disposed:false
626 silly fetch manifest d3-path@^3.1.0
627 silly packumentCache full:https://registry.npmjs.org/d3-path cache-miss
628 http fetch GET 200 https://registry.npmjs.org/internmap 76ms (cache miss)
629 silly packumentCache full:https://registry.npmjs.org/internmap set size:undefined disposed:false
630 http fetch GET 200 https://registry.npmjs.org/d3-format 82ms (cache miss)
631 silly packumentCache full:https://registry.npmjs.org/d3-format set size:undefined disposed:false
632 http fetch GET 200 https://registry.npmjs.org/@types%2fd3-path 94ms (cache miss)
633 silly packumentCache full:https://registry.npmjs.org/@types%2fd3-path set size:undefined disposed:false
634 http fetch GET 200 https://registry.npmjs.org/@types%2fd3-color 103ms (cache miss)
635 silly packumentCache full:https://registry.npmjs.org/@types%2fd3-color set size:undefined disposed:false
636 http fetch GET 200 https://registry.npmjs.org/d3-path 103ms (cache miss)
637 silly packumentCache full:https://registry.npmjs.org/d3-path set size:undefined disposed:false
638 http fetch GET 200 https://registry.npmjs.org/d3-time-format 120ms (cache miss)
639 silly packumentCache full:https://registry.npmjs.org/d3-time-format set size:undefined disposed:false
640 http fetch GET 200 https://registry.npmjs.org/d3-color 246ms (cache miss)
641 silly packumentCache full:https://registry.npmjs.org/d3-color set size:undefined disposed:false
642 silly placeDep ROOT @types/d3-color@3.1.3 OK for: @types/d3-interpolate@3.0.4 want: *
643 silly placeDep ROOT @types/d3-path@3.1.1 OK for: @types/d3-shape@3.2.0 want: *
644 silly placeDep ROOT internmap@2.0.3 OK for: d3-array@3.2.4 want: 1 - 2
645 silly placeDep ROOT d3-color@3.1.0 OK for: d3-interpolate@3.0.1 want: 1 - 3
646 silly placeDep ROOT d3-format@3.1.2 OK for: d3-scale@4.0.2 want: 1 - 3
647 silly placeDep ROOT d3-time-format@4.1.0 OK for: d3-scale@4.0.2 want: 2 - 4
648 silly placeDep ROOT d3-path@3.1.0 OK for: d3-shape@3.2.0 want: ^3.1.0
649 silly placeDep ROOT esbuild@0.25.12 OK for: vite@6.4.3 want: ^0.25.0
650 silly placeDep ROOT fdir@6.5.0 OK for: vite@6.4.3 want: ^6.4.4
651 silly placeDep ROOT fsevents@2.3.3 OK for: vite@6.4.3 want: ~2.3.3
652 silly placeDep ROOT picomatch@4.0.7 OK for: vite@6.4.3 want: ^4.0.2
653 silly placeDep ROOT postcss@8.5.28 OK for: vite@6.4.3 want: ^8.5.3
654 silly placeDep ROOT rollup@4.63.1 OK for: vite@6.4.3 want: ^4.34.9
655 silly placeDep ROOT tinyglobby@0.2.17 OK for: vite@6.4.3 want: ^0.2.13
656 silly fetch manifest @esbuild/aix-ppc64@0.25.12
657 silly packumentCache full:https://registry.npmjs.org/@esbuild%2faix-ppc64 cache-miss
658 silly fetch manifest @esbuild/linux-arm@0.25.12
659 silly packumentCache full:https://registry.npmjs.org/@esbuild%2flinux-arm cache-miss
660 silly fetch manifest @esbuild/linux-x64@0.25.12
661 silly packumentCache full:https://registry.npmjs.org/@esbuild%2flinux-x64 cache-miss
662 silly fetch manifest @esbuild/sunos-x64@0.25.12
663 silly packumentCache full:https://registry.npmjs.org/@esbuild%2fsunos-x64 cache-miss
664 silly fetch manifest @esbuild/win32-x64@0.25.12
665 silly packumentCache full:https://registry.npmjs.org/@esbuild%2fwin32-x64 cache-miss
666 silly fetch manifest @esbuild/darwin-x64@0.25.12
667 silly packumentCache full:https://registry.npmjs.org/@esbuild%2fdarwin-x64 cache-miss
668 silly fetch manifest @esbuild/linux-ia32@0.25.12
669 silly packumentCache full:https://registry.npmjs.org/@esbuild%2flinux-ia32 cache-miss
670 http fetch GET 200 https://registry.npmjs.org/@esbuild%2fwin32-x64 93ms (cache miss)
671 silly packumentCache full:https://registry.npmjs.org/@esbuild%2fwin32-x64 set size:undefined disposed:false
672 silly fetch manifest @esbuild/netbsd-x64@0.25.12
673 silly packumentCache full:https://registry.npmjs.org/@esbuild%2fnetbsd-x64 cache-miss
674 http fetch GET 200 https://registry.npmjs.org/@esbuild%2faix-ppc64 111ms (cache miss)
675 silly packumentCache full:https://registry.npmjs.org/@esbuild%2faix-ppc64 set size:undefined disposed:false
676 silly fetch manifest @esbuild/win32-ia32@0.25.12
677 silly packumentCache full:https://registry.npmjs.org/@esbuild%2fwin32-ia32 cache-miss
678 http fetch GET 200 https://registry.npmjs.org/@esbuild%2flinux-x64 116ms (cache miss)
679 silly packumentCache full:https://registry.npmjs.org/@esbuild%2flinux-x64 set size:undefined disposed:false
680 silly fetch manifest @esbuild/android-arm@0.25.12
681 silly packumentCache full:https://registry.npmjs.org/@esbuild%2fandroid-arm cache-miss
682 http fetch GET 200 https://registry.npmjs.org/@esbuild%2flinux-arm 138ms (cache miss)
683 silly packumentCache full:https://registry.npmjs.org/@esbuild%2flinux-arm set size:undefined disposed:false
684 silly fetch manifest @esbuild/android-x64@0.25.12
685 silly packumentCache full:https://registry.npmjs.org/@esbuild%2fandroid-x64 cache-miss
686 http fetch GET 200 https://registry.npmjs.org/@esbuild%2flinux-ia32 152ms (cache miss)
687 silly packumentCache full:https://registry.npmjs.org/@esbuild%2flinux-ia32 set size:undefined disposed:false
688 silly fetch manifest @esbuild/freebsd-x64@0.25.12
689 silly packumentCache full:https://registry.npmjs.org/@esbuild%2ffreebsd-x64 cache-miss
690 http fetch GET 200 https://registry.npmjs.org/@esbuild%2fdarwin-x64 158ms (cache miss)
691 silly packumentCache full:https://registry.npmjs.org/@esbuild%2fdarwin-x64 set size:undefined disposed:false
692 silly fetch manifest @esbuild/linux-arm64@0.25.12
693 silly packumentCache full:https://registry.npmjs.org/@esbuild%2flinux-arm64 cache-miss
694 http fetch GET 200 https://registry.npmjs.org/@esbuild%2fsunos-x64 193ms (cache miss)
695 silly packumentCache full:https://registry.npmjs.org/@esbuild%2fsunos-x64 set size:undefined disposed:false
696 silly fetch manifest @esbuild/linux-ppc64@0.25.12
697 silly packumentCache full:https://registry.npmjs.org/@esbuild%2flinux-ppc64 cache-miss
698 http fetch GET 200 https://registry.npmjs.org/@esbuild%2fnetbsd-x64 99ms (cache miss)
699 silly packumentCache full:https://registry.npmjs.org/@esbuild%2fnetbsd-x64 set size:undefined disposed:false
700 silly fetch manifest @esbuild/linux-s390x@0.25.12
701 silly packumentCache full:https://registry.npmjs.org/@esbuild%2flinux-s390x cache-miss
702 http fetch GET 200 https://registry.npmjs.org/@esbuild%2fwin32-ia32 105ms (cache miss)
703 silly packumentCache full:https://registry.npmjs.org/@esbuild%2fwin32-ia32 set size:undefined disposed:false
704 silly fetch manifest @esbuild/openbsd-x64@0.25.12
705 silly packumentCache full:https://registry.npmjs.org/@esbuild%2fopenbsd-x64 cache-miss
706 http fetch GET 200 https://registry.npmjs.org/@esbuild%2fandroid-x64 109ms (cache miss)
707 silly packumentCache full:https://registry.npmjs.org/@esbuild%2fandroid-x64 set size:undefined disposed:false
708 silly fetch manifest @esbuild/win32-arm64@0.25.12
709 silly packumentCache full:https://registry.npmjs.org/@esbuild%2fwin32-arm64 cache-miss
710 http fetch GET 200 https://registry.npmjs.org/@esbuild%2fandroid-arm 139ms (cache miss)
711 silly packumentCache full:https://registry.npmjs.org/@esbuild%2fandroid-arm set size:undefined disposed:false
712 silly fetch manifest @esbuild/darwin-arm64@0.25.12
713 silly packumentCache full:https://registry.npmjs.org/@esbuild%2fdarwin-arm64 cache-miss
714 http fetch GET 200 https://registry.npmjs.org/@esbuild%2ffreebsd-x64 121ms (cache miss)
715 silly packumentCache full:https://registry.npmjs.org/@esbuild%2ffreebsd-x64 set size:undefined disposed:false
716 silly fetch manifest @esbuild/netbsd-arm64@0.25.12
717 silly packumentCache full:https://registry.npmjs.org/@esbuild%2fnetbsd-arm64 cache-miss
718 http fetch GET 200 https://registry.npmjs.org/@esbuild%2flinux-arm64 128ms (cache miss)
719 silly packumentCache full:https://registry.npmjs.org/@esbuild%2flinux-arm64 set size:undefined disposed:false
720 silly fetch manifest @esbuild/android-arm64@0.25.12
721 silly packumentCache full:https://registry.npmjs.org/@esbuild%2fandroid-arm64 cache-miss
722 http fetch GET 200 https://registry.npmjs.org/@esbuild%2flinux-ppc64 109ms (cache miss)
723 silly packumentCache full:https://registry.npmjs.org/@esbuild%2flinux-ppc64 set size:undefined disposed:false
724 silly fetch manifest @esbuild/freebsd-arm64@0.25.12
725 silly packumentCache full:https://registry.npmjs.org/@esbuild%2ffreebsd-arm64 cache-miss
726 http fetch GET 200 https://registry.npmjs.org/@esbuild%2fopenbsd-x64 113ms (cache miss)
727 silly packumentCache full:https://registry.npmjs.org/@esbuild%2fopenbsd-x64 set size:undefined disposed:false
728 silly fetch manifest @esbuild/linux-loong64@0.25.12
729 silly packumentCache full:https://registry.npmjs.org/@esbuild%2flinux-loong64 cache-miss
730 http fetch GET 200 https://registry.npmjs.org/@esbuild%2fwin32-arm64 109ms (cache miss)
731 silly packumentCache full:https://registry.npmjs.org/@esbuild%2fwin32-arm64 set size:undefined disposed:false
732 silly fetch manifest @esbuild/linux-riscv64@0.25.12
733 silly packumentCache full:https://registry.npmjs.org/@esbuild%2flinux-riscv64 cache-miss
734 http fetch GET 200 https://registry.npmjs.org/@esbuild%2fdarwin-arm64 112ms (cache miss)
735 silly packumentCache full:https://registry.npmjs.org/@esbuild%2fdarwin-arm64 set size:undefined disposed:false
736 silly fetch manifest @esbuild/openbsd-arm64@0.25.12
737 silly packumentCache full:https://registry.npmjs.org/@esbuild%2fopenbsd-arm64 cache-miss
738 http fetch GET 200 https://registry.npmjs.org/@esbuild%2fnetbsd-arm64 96ms (cache miss)
739 silly packumentCache full:https://registry.npmjs.org/@esbuild%2fnetbsd-arm64 set size:undefined disposed:false
740 silly fetch manifest @esbuild/linux-mips64el@0.25.12
741 silly packumentCache full:https://registry.npmjs.org/@esbuild%2flinux-mips64el cache-miss
742 http fetch GET 200 https://registry.npmjs.org/@esbuild%2flinux-s390x 182ms (cache miss)
743 silly packumentCache full:https://registry.npmjs.org/@esbuild%2flinux-s390x set size:undefined disposed:false
744 silly fetch manifest @esbuild/openharmony-arm64@0.25.12
745 silly packumentCache full:https://registry.npmjs.org/@esbuild%2fopenharmony-arm64 cache-miss
746 http fetch GET 200 https://registry.npmjs.org/@esbuild%2ffreebsd-arm64 85ms (cache miss)
747 silly packumentCache full:https://registry.npmjs.org/@esbuild%2ffreebsd-arm64 set size:undefined disposed:false
748 silly fetch manifest nanoid@^3.3.18
749 silly packumentCache full:https://registry.npmjs.org/nanoid cache-miss
750 http fetch GET 200 https://registry.npmjs.org/@esbuild%2fandroid-arm64 114ms (cache miss)
751 silly packumentCache full:https://registry.npmjs.org/@esbuild%2fandroid-arm64 set size:undefined disposed:false
752 silly fetch manifest source-map-js@^1.2.1
753 silly packumentCache full:https://registry.npmjs.org/source-map-js cache-miss
754 http fetch GET 200 https://registry.npmjs.org/@esbuild%2flinux-loong64 122ms (cache miss)
755 silly packumentCache full:https://registry.npmjs.org/@esbuild%2flinux-loong64 set size:undefined disposed:false
756 silly fetch manifest @types/estree@1.0.9
757 silly packumentCache full:https://registry.npmjs.org/@types%2festree cache-miss
758 http fetch GET 200 https://registry.npmjs.org/@esbuild%2fopenbsd-arm64 95ms (cache miss)
759 silly packumentCache full:https://registry.npmjs.org/@esbuild%2fopenbsd-arm64 set size:undefined disposed:false
760 silly fetch manifest @rollup/rollup-darwin-x64@4.63.1
761 silly packumentCache full:https://registry.npmjs.org/@rollup%2frollup-darwin-x64 cache-miss
762 http fetch GET 200 https://registry.npmjs.org/@esbuild%2flinux-riscv64 107ms (cache miss)
763 silly packumentCache full:https://registry.npmjs.org/@esbuild%2flinux-riscv64 set size:undefined disposed:false
764 silly fetch manifest @rollup/rollup-freebsd-x64@4.63.1
765 silly packumentCache full:https://registry.npmjs.org/@rollup%2frollup-freebsd-x64 cache-miss
766 http fetch GET 200 https://registry.npmjs.org/@esbuild%2fopenharmony-arm64 108ms (cache miss)
767 silly packumentCache full:https://registry.npmjs.org/@esbuild%2fopenharmony-arm64 set size:undefined disposed:false
768 silly fetch manifest @rollup/rollup-openbsd-x64@4.63.1
769 silly packumentCache full:https://registry.npmjs.org/@rollup%2frollup-openbsd-x64 cache-miss
770 http fetch GET 200 https://registry.npmjs.org/nanoid 103ms (cache miss)
771 silly packumentCache full:https://registry.npmjs.org/nanoid set size:undefined disposed:false
772 silly fetch manifest @napi-rs/lzma-linux-x64-gnu@1.5.1
773 silly packumentCache full:https://registry.npmjs.org/@napi-rs%2flzma-linux-x64-gnu cache-miss
774 http fetch GET 200 https://registry.npmjs.org/@esbuild%2flinux-mips64el 131ms (cache miss)
775 silly packumentCache full:https://registry.npmjs.org/@esbuild%2flinux-mips64el set size:undefined disposed:false
776 silly fetch manifest @rollup/rollup-darwin-arm64@4.63.1
777 silly packumentCache full:https://registry.npmjs.org/@rollup%2frollup-darwin-arm64 cache-miss
778 http fetch GET 200 https://registry.npmjs.org/source-map-js 115ms (cache miss)
779 silly packumentCache full:https://registry.npmjs.org/source-map-js set size:undefined disposed:false
780 silly fetch manifest @rollup/rollup-android-arm64@4.63.1
781 silly packumentCache full:https://registry.npmjs.org/@rollup%2frollup-android-arm64 cache-miss
782 http fetch GET 200 https://registry.npmjs.org/@types%2festree 84ms (cache miss)
783 silly packumentCache full:https://registry.npmjs.org/@types%2festree set size:undefined disposed:false
784 silly fetch manifest @rollup/rollup-freebsd-arm64@4.63.1
785 silly packumentCache full:https://registry.npmjs.org/@rollup%2frollup-freebsd-arm64 cache-miss
786 http fetch GET 200 https://registry.npmjs.org/@rollup%2frollup-darwin-x64 115ms (cache miss)
787 silly packumentCache full:https://registry.npmjs.org/@rollup%2frollup-darwin-x64 set size:undefined disposed:false
788 silly fetch manifest @rollup/rollup-linux-x64-gnu@4.63.1
789 silly packumentCache full:https://registry.npmjs.org/@rollup%2frollup-linux-x64-gnu cache-miss
790 http fetch GET 200 https://registry.npmjs.org/@rollup%2frollup-freebsd-x64 122ms (cache miss)
791 silly packumentCache full:https://registry.npmjs.org/@rollup%2frollup-freebsd-x64 set size:undefined disposed:false
792 silly fetch manifest @rollup/rollup-win32-x64-gnu@4.63.1
793 silly packumentCache full:https://registry.npmjs.org/@rollup%2frollup-win32-x64-gnu cache-miss
794 http fetch GET 200 https://registry.npmjs.org/@napi-rs%2flzma-linux-x64-gnu 102ms (cache miss)
795 silly packumentCache full:https://registry.npmjs.org/@napi-rs%2flzma-linux-x64-gnu set size:undefined disposed:false
796 silly fetch manifest @rollup/rollup-linux-x64-musl@4.63.1
797 silly packumentCache full:https://registry.npmjs.org/@rollup%2frollup-linux-x64-musl cache-miss
798 http fetch GET 200 https://registry.npmjs.org/@rollup%2frollup-openbsd-x64 120ms (cache miss)
799 silly packumentCache full:https://registry.npmjs.org/@rollup%2frollup-openbsd-x64 set size:undefined disposed:false
800 silly fetch manifest @rollup/rollup-win32-x64-msvc@4.63.1
801 silly packumentCache full:https://registry.npmjs.org/@rollup%2frollup-win32-x64-msvc cache-miss
802 http fetch GET 200 https://registry.npmjs.org/@rollup%2frollup-darwin-arm64 114ms (cache miss)
803 silly packumentCache full:https://registry.npmjs.org/@rollup%2frollup-darwin-arm64 set size:undefined disposed:false
804 silly fetch manifest @rollup/rollup-linux-arm64-gnu@4.63.1
805 silly packumentCache full:https://registry.npmjs.org/@rollup%2frollup-linux-arm64-gnu cache-miss
806 http fetch GET 200 https://registry.npmjs.org/@rollup%2frollup-freebsd-arm64 98ms (cache miss)
807 silly packumentCache full:https://registry.npmjs.org/@rollup%2frollup-freebsd-arm64 set size:undefined disposed:false
808 silly fetch manifest @rollup/rollup-linux-ppc64-gnu@4.63.1
809 silly packumentCache full:https://registry.npmjs.org/@rollup%2frollup-linux-ppc64-gnu cache-miss
810 http fetch GET 200 https://registry.npmjs.org/@rollup%2frollup-win32-x64-gnu 83ms (cache miss)
811 silly packumentCache full:https://registry.npmjs.org/@rollup%2frollup-win32-x64-gnu set size:undefined disposed:false
812 silly fetch manifest @rollup/rollup-linux-s390x-gnu@4.63.1
813 silly packumentCache full:https://registry.npmjs.org/@rollup%2frollup-linux-s390x-gnu cache-miss
814 http fetch GET 200 https://registry.npmjs.org/@rollup%2frollup-linux-x64-gnu 124ms (cache miss)
815 silly packumentCache full:https://registry.npmjs.org/@rollup%2frollup-linux-x64-gnu set size:undefined disposed:false
816 silly fetch manifest @rollup/rollup-win32-ia32-msvc@4.63.1
817 silly packumentCache full:https://registry.npmjs.org/@rollup%2frollup-win32-ia32-msvc cache-miss
818 http fetch GET 200 https://registry.npmjs.org/@rollup%2frollup-linux-x64-musl 118ms (cache miss)
819 silly packumentCache full:https://registry.npmjs.org/@rollup%2frollup-linux-x64-musl set size:undefined disposed:false
820 silly fetch manifest @rollup/rollup-android-arm-eabi@4.63.1
821 silly packumentCache full:https://registry.npmjs.org/@rollup%2frollup-android-arm-eabi cache-miss
822 http fetch GET 200 https://registry.npmjs.org/@rollup%2frollup-linux-ppc64-gnu 92ms (cache miss)
823 silly packumentCache full:https://registry.npmjs.org/@rollup%2frollup-linux-ppc64-gnu set size:undefined disposed:false
824 silly fetch manifest @rollup/rollup-linux-arm64-musl@4.63.1
825 silly packumentCache full:https://registry.npmjs.org/@rollup%2frollup-linux-arm64-musl cache-miss
826 http fetch GET 200 https://registry.npmjs.org/@rollup%2frollup-linux-arm64-gnu 113ms (cache miss)
827 silly packumentCache full:https://registry.npmjs.org/@rollup%2frollup-linux-arm64-gnu set size:undefined disposed:false
828 silly fetch manifest @rollup/rollup-linux-ppc64-musl@4.63.1
829 silly packumentCache full:https://registry.npmjs.org/@rollup%2frollup-linux-ppc64-musl cache-miss
830 http fetch GET 200 https://registry.npmjs.org/@rollup%2frollup-linux-s390x-gnu 93ms (cache miss)
831 silly packumentCache full:https://registry.npmjs.org/@rollup%2frollup-linux-s390x-gnu set size:undefined disposed:false
832 silly fetch manifest @rollup/rollup-win32-arm64-msvc@4.63.1
833 silly packumentCache full:https://registry.npmjs.org/@rollup%2frollup-win32-arm64-msvc cache-miss
834 http fetch GET 200 https://registry.npmjs.org/@rollup%2frollup-win32-x64-msvc 192ms (cache miss)
835 silly packumentCache full:https://registry.npmjs.org/@rollup%2frollup-win32-x64-msvc set size:undefined disposed:false
836 silly fetch manifest @rollup/rollup-linux-loong64-gnu@4.63.1
837 silly packumentCache full:https://registry.npmjs.org/@rollup%2frollup-linux-loong64-gnu cache-miss
838 http fetch GET 200 https://registry.npmjs.org/@rollup%2frollup-win32-ia32-msvc 104ms (cache miss)
839 silly packumentCache full:https://registry.npmjs.org/@rollup%2frollup-win32-ia32-msvc set size:undefined disposed:false
840 silly fetch manifest @rollup/rollup-linux-riscv64-gnu@4.63.1
841 silly packumentCache full:https://registry.npmjs.org/@rollup%2frollup-linux-riscv64-gnu cache-miss
842 http fetch GET 200 https://registry.npmjs.org/@rollup%2frollup-android-arm64 318ms (cache miss)
843 silly packumentCache full:https://registry.npmjs.org/@rollup%2frollup-android-arm64 set size:undefined disposed:false
844 silly fetch manifest @rollup/rollup-openharmony-arm64@4.63.1
845 silly packumentCache full:https://registry.npmjs.org/@rollup%2frollup-openharmony-arm64 cache-miss
846 http fetch GET 200 https://registry.npmjs.org/@rollup%2frollup-android-arm-eabi 123ms (cache miss)
847 silly packumentCache full:https://registry.npmjs.org/@rollup%2frollup-android-arm-eabi set size:undefined disposed:false
848 silly fetch manifest @rollup/rollup-linux-loong64-musl@4.63.1
849 silly packumentCache full:https://registry.npmjs.org/@rollup%2frollup-linux-loong64-musl cache-miss
850 http fetch GET 200 https://registry.npmjs.org/@rollup%2frollup-linux-ppc64-musl 110ms (cache miss)
851 silly packumentCache full:https://registry.npmjs.org/@rollup%2frollup-linux-ppc64-musl set size:undefined disposed:false
852 silly fetch manifest @rollup/rollup-linux-riscv64-musl@4.63.1
853 silly packumentCache full:https://registry.npmjs.org/@rollup%2frollup-linux-riscv64-musl cache-miss
854 http fetch GET 200 https://registry.npmjs.org/@rollup%2frollup-linux-arm64-musl 126ms (cache miss)
855 silly packumentCache full:https://registry.npmjs.org/@rollup%2frollup-linux-arm64-musl set size:undefined disposed:false
856 silly fetch manifest @rollup/rollup-linux-arm-gnueabihf@4.63.1
857 silly packumentCache full:https://registry.npmjs.org/@rollup%2frollup-linux-arm-gnueabihf cache-miss
858 http fetch GET 200 https://registry.npmjs.org/@rollup%2frollup-win32-arm64-msvc 120ms (cache miss)
859 silly packumentCache full:https://registry.npmjs.org/@rollup%2frollup-win32-arm64-msvc set size:undefined disposed:false
860 silly fetch manifest @rollup/rollup-linux-arm-musleabihf@4.63.1
861 silly packumentCache full:https://registry.npmjs.org/@rollup%2frollup-linux-arm-musleabihf cache-miss
862 http fetch GET 200 https://registry.npmjs.org/@rollup%2frollup-linux-loong64-gnu 102ms (cache miss)
863 silly packumentCache full:https://registry.npmjs.org/@rollup%2frollup-linux-loong64-gnu set size:undefined disposed:false
864 http fetch GET 200 https://registry.npmjs.org/@rollup%2frollup-openharmony-arm64 86ms (cache miss)
865 silly packumentCache full:https://registry.npmjs.org/@rollup%2frollup-openharmony-arm64 set size:undefined disposed:false
866 http fetch GET 200 https://registry.npmjs.org/@rollup%2frollup-linux-loong64-musl 81ms (cache miss)
867 silly packumentCache full:https://registry.npmjs.org/@rollup%2frollup-linux-loong64-musl set size:undefined disposed:false
868 http fetch GET 200 https://registry.npmjs.org/@rollup%2frollup-linux-riscv64-musl 88ms (cache miss)
869 silly packumentCache full:https://registry.npmjs.org/@rollup%2frollup-linux-riscv64-musl set size:undefined disposed:false
870 http fetch GET 200 https://registry.npmjs.org/@rollup%2frollup-linux-arm-gnueabihf 100ms (cache miss)
871 silly packumentCache full:https://registry.npmjs.org/@rollup%2frollup-linux-arm-gnueabihf set size:undefined disposed:false
872 http fetch GET 200 https://registry.npmjs.org/@rollup%2frollup-linux-arm-musleabihf 90ms (cache miss)
873 silly packumentCache full:https://registry.npmjs.org/@rollup%2frollup-linux-arm-musleabihf set size:undefined disposed:false
874 http fetch GET 200 https://registry.npmjs.org/@rollup%2frollup-linux-riscv64-gnu 234ms (cache miss)
875 silly packumentCache full:https://registry.npmjs.org/@rollup%2frollup-linux-riscv64-gnu set size:undefined disposed:false
876 silly placeDep ROOT @esbuild/aix-ppc64@0.25.12 OK for: esbuild@0.25.12 want: 0.25.12
877 silly placeDep ROOT @esbuild/android-arm@0.25.12 OK for: esbuild@0.25.12 want: 0.25.12
878 silly placeDep ROOT @esbuild/android-arm64@0.25.12 OK for: esbuild@0.25.12 want: 0.25.12
879 silly placeDep ROOT @esbuild/android-x64@0.25.12 OK for: esbuild@0.25.12 want: 0.25.12
880 silly placeDep ROOT @esbuild/darwin-arm64@0.25.12 OK for: esbuild@0.25.12 want: 0.25.12
881 silly placeDep ROOT @esbuild/darwin-x64@0.25.12 OK for: esbuild@0.25.12 want: 0.25.12
882 silly placeDep ROOT @esbuild/freebsd-arm64@0.25.12 OK for: esbuild@0.25.12 want: 0.25.12
883 silly placeDep ROOT @esbuild/freebsd-x64@0.25.12 OK for: esbuild@0.25.12 want: 0.25.12
884 silly placeDep ROOT @esbuild/linux-arm@0.25.12 OK for: esbuild@0.25.12 want: 0.25.12
885 silly placeDep ROOT @esbuild/linux-arm64@0.25.12 OK for: esbuild@0.25.12 want: 0.25.12
886 silly placeDep ROOT @esbuild/linux-ia32@0.25.12 OK for: esbuild@0.25.12 want: 0.25.12
887 silly placeDep ROOT @esbuild/linux-loong64@0.25.12 OK for: esbuild@0.25.12 want: 0.25.12
888 silly placeDep ROOT @esbuild/linux-mips64el@0.25.12 OK for: esbuild@0.25.12 want: 0.25.12
889 silly placeDep ROOT @esbuild/linux-ppc64@0.25.12 OK for: esbuild@0.25.12 want: 0.25.12
890 silly placeDep ROOT @esbuild/linux-riscv64@0.25.12 OK for: esbuild@0.25.12 want: 0.25.12
891 silly placeDep ROOT @esbuild/linux-s390x@0.25.12 OK for: esbuild@0.25.12 want: 0.25.12
892 silly placeDep ROOT @esbuild/linux-x64@0.25.12 OK for: esbuild@0.25.12 want: 0.25.12
893 silly placeDep ROOT @esbuild/netbsd-arm64@0.25.12 OK for: esbuild@0.25.12 want: 0.25.12
894 silly placeDep ROOT @esbuild/netbsd-x64@0.25.12 OK for: esbuild@0.25.12 want: 0.25.12
895 silly placeDep ROOT @esbuild/openbsd-arm64@0.25.12 OK for: esbuild@0.25.12 want: 0.25.12
896 silly placeDep ROOT @esbuild/openbsd-x64@0.25.12 OK for: esbuild@0.25.12 want: 0.25.12
897 silly placeDep ROOT @esbuild/openharmony-arm64@0.25.12 OK for: esbuild@0.25.12 want: 0.25.12
898 silly placeDep ROOT @esbuild/sunos-x64@0.25.12 OK for: esbuild@0.25.12 want: 0.25.12
899 silly placeDep ROOT @esbuild/win32-arm64@0.25.12 OK for: esbuild@0.25.12 want: 0.25.12
900 silly placeDep ROOT @esbuild/win32-ia32@0.25.12 OK for: esbuild@0.25.12 want: 0.25.12
901 silly placeDep ROOT @esbuild/win32-x64@0.25.12 OK for: esbuild@0.25.12 want: 0.25.12
902 silly placeDep ROOT nanoid@3.3.18 OK for: postcss@8.5.28 want: ^3.3.18
903 silly placeDep ROOT source-map-js@1.2.1 OK for: postcss@8.5.28 want: ^1.2.1
904 silly placeDep ROOT @napi-rs/lzma-linux-x64-gnu@1.5.1 OK for: rollup@4.63.1 want: 1.5.1
905 silly placeDep ROOT @rollup/rollup-android-arm-eabi@4.63.1 OK for: rollup@4.63.1 want: 4.63.1
906 silly placeDep ROOT @rollup/rollup-android-arm64@4.63.1 OK for: rollup@4.63.1 want: 4.63.1
907 silly placeDep ROOT @rollup/rollup-darwin-arm64@4.63.1 OK for: rollup@4.63.1 want: 4.63.1
908 silly placeDep ROOT @rollup/rollup-darwin-x64@4.63.1 OK for: rollup@4.63.1 want: 4.63.1
909 silly placeDep ROOT @rollup/rollup-freebsd-arm64@4.63.1 OK for: rollup@4.63.1 want: 4.63.1
910 silly placeDep ROOT @rollup/rollup-freebsd-x64@4.63.1 OK for: rollup@4.63.1 want: 4.63.1
911 silly placeDep ROOT @rollup/rollup-linux-arm-gnueabihf@4.63.1 OK for: rollup@4.63.1 want: 4.63.1
912 silly placeDep ROOT @rollup/rollup-linux-arm-musleabihf@4.63.1 OK for: rollup@4.63.1 want: 4.63.1
913 silly placeDep ROOT @rollup/rollup-linux-arm64-gnu@4.63.1 OK for: rollup@4.63.1 want: 4.63.1
914 silly placeDep ROOT @rollup/rollup-linux-arm64-musl@4.63.1 OK for: rollup@4.63.1 want: 4.63.1
915 silly placeDep ROOT @rollup/rollup-linux-loong64-gnu@4.63.1 OK for: rollup@4.63.1 want: 4.63.1
916 silly placeDep ROOT @rollup/rollup-linux-loong64-musl@4.63.1 OK for: rollup@4.63.1 want: 4.63.1
917 silly placeDep ROOT @rollup/rollup-linux-ppc64-gnu@4.63.1 OK for: rollup@4.63.1 want: 4.63.1
918 silly placeDep ROOT @rollup/rollup-linux-ppc64-musl@4.63.1 OK for: rollup@4.63.1 want: 4.63.1
919 silly placeDep ROOT @rollup/rollup-linux-riscv64-gnu@4.63.1 OK for: rollup@4.63.1 want: 4.63.1
920 silly placeDep ROOT @rollup/rollup-linux-riscv64-musl@4.63.1 OK for: rollup@4.63.1 want: 4.63.1
921 silly placeDep ROOT @rollup/rollup-linux-s390x-gnu@4.63.1 OK for: rollup@4.63.1 want: 4.63.1
922 silly placeDep ROOT @rollup/rollup-linux-x64-gnu@4.63.1 OK for: rollup@4.63.1 want: 4.63.1
923 silly placeDep ROOT @rollup/rollup-linux-x64-musl@4.63.1 OK for: rollup@4.63.1 want: 4.63.1
924 silly placeDep ROOT @rollup/rollup-openbsd-x64@4.63.1 OK for: rollup@4.63.1 want: 4.63.1
925 silly placeDep ROOT @rollup/rollup-openharmony-arm64@4.63.1 OK for: rollup@4.63.1 want: 4.63.1
926 silly placeDep ROOT @rollup/rollup-win32-arm64-msvc@4.63.1 OK for: rollup@4.63.1 want: 4.63.1
927 silly placeDep ROOT @rollup/rollup-win32-ia32-msvc@4.63.1 OK for: rollup@4.63.1 want: 4.63.1
928 silly placeDep ROOT @rollup/rollup-win32-x64-gnu@4.63.1 OK for: rollup@4.63.1 want: 4.63.1
929 silly placeDep ROOT @rollup/rollup-win32-x64-msvc@4.63.1 OK for: rollup@4.63.1 want: 4.63.1
930 silly placeDep ROOT @types/estree@1.0.9 OK for: rollup@4.63.1 want: 1.0.9
931 silly reify moves {}
932 silly audit bulk request {
932 silly audit   '@types/react': [ '18.3.31' ],
932 silly audit   '@types/react-dom': [ '18.3.7' ],
932 silly audit   '@vitejs/plugin-react': [ '4.7.0' ],
932 silly audit   vite: [ '6.4.3' ],
932 silly audit   'lucide-react': [ '0.468.0' ],
932 silly audit   react: [ '18.3.1' ],
932 silly audit   'react-dom': [ '18.3.1' ],
932 silly audit   recharts: [ '2.15.4' ],
932 silly audit   typescript: [ '5.9.3' ],
932 silly audit   '@types/prop-types': [ '15.7.15' ],
932 silly audit   csstype: [ '3.2.3' ],
932 silly audit   '@babel/core': [ '7.29.7' ],
932 silly audit   '@babel/plugin-transform-react-jsx-self': [ '7.29.7' ],
932 silly audit   '@babel/plugin-transform-react-jsx-source': [ '7.29.7' ],
932 silly audit   '@rolldown/pluginutils': [ '1.0.0-beta.27' ],
932 silly audit   '@types/babel__core': [ '7.20.5' ],
932 silly audit   'react-refresh': [ '0.17.0' ],
932 silly audit   '@babel/code-frame': [ '7.29.7' ],
932 silly audit   '@babel/generator': [ '7.29.8' ],
932 silly audit   '@babel/helper-compilation-targets': [ '7.29.7' ],
932 silly audit   '@babel/helper-module-transforms': [ '7.29.7' ],
932 silly audit   '@babel/helpers': [ '7.29.7' ],
932 silly audit   '@babel/parser': [ '7.29.8' ],
932 silly audit   '@babel/template': [ '7.29.7' ],
932 silly audit   '@babel/traverse': [ '7.29.8' ],
932 silly audit   '@babel/types': [ '7.29.8' ],
932 silly audit   '@jridgewell/remapping': [ '2.3.5' ],
932 silly audit   'convert-source-map': [ '2.0.0' ],
932 silly audit   debug: [ '4.4.3' ],
932 silly audit   gensync: [ '1.0.0-beta.2' ],
932 silly audit   json5: [ '2.2.3' ],
932 silly audit   semver: [ '6.3.1' ],
932 silly audit   '@babel/helper-validator-identifier': [ '7.29.7' ],
932 silly audit   'js-tokens': [ '4.0.0' ],
932 silly audit   picocolors: [ '1.1.1' ],
932 silly audit   '@jridgewell/gen-mapping': [ '0.3.13' ],
932 silly audit   '@jridgewell/trace-mapping': [ '0.3.31' ],
932 silly audit   jsesc: [ '3.1.0' ],
932 silly audit   '@babel/compat-data': [ '7.29.7' ],
932 silly audit   '@babel/helper-validator-option': [ '7.29.7' ],
932 silly audit   browserslist: [ '4.28.9' ],
932 silly audit   'lru-cache': [ '5.1.1' ],
932 silly audit   '@babel/helper-module-imports': [ '7.29.7' ],
932 silly audit   '@babel/helper-plugin-utils': [ '7.29.7' ],
932 silly audit   '@babel/helper-globals': [ '7.29.7' ],
932 silly audit   '@babel/helper-string-parser': [ '7.29.7' ],
932 silly audit   '@jridgewell/sourcemap-codec': [ '1.6.0' ],
932 silly audit   '@jridgewell/resolve-uri': [ '3.1.2' ],
932 silly audit   '@types/babel__generator': [ '7.27.0' ],
932 silly audit   '@types/babel__template': [ '7.4.4' ],
932 silly audit   '@types/babel__traverse': [ '7.28.0' ],
932 silly audit   'baseline-browser-mapping': [ '2.11.21' ],
932 silly audit   'caniuse-lite': [ '1.0.30001810' ],
932 silly audit   'electron-to-chromium': [ '1.5.425' ],
932 silly audit   'node-releases': [ '2.0.55' ],
932 silly audit   'update-browserslist-db': [ '1.3.2' ],
932 silly audit   ms: [ '2.1.3' ],
932 silly audit   yallist: [ '3.1.1' ],
932 silly audit   'loose-envify': [ '1.4.0' ],
932 silly audit   scheduler: [ '0.23.2' ],
932 silly audit   clsx: [ '2.1.1' ],
932 silly audit   eventemitter3: [ '4.0.7' ],
932 silly audit   lodash: [ '4.18.1' ],
932 silly audit   'react-is': [ '18.3.1', '16.13.1' ],
932 silly audit   'react-smooth': [ '4.0.4' ],
932 silly audit   'recharts-scale': [ '0.4.5' ],
932 silly audit   'tiny-invariant': [ '1.3.3' ],
932 silly audit   'victory-vendor': [ '36.9.2' ],
932 silly audit   'fast-equals': [ '5.4.2' ],
932 silly audit   'prop-types': [ '15.8.1' ],
932 silly audit   'react-transition-group': [ '4.4.5' ],
932 silly audit   'object-assign': [ '4.1.1' ],
932 silly audit   '@babel/runtime': [ '7.29.7' ],
932 silly audit   'dom-helpers': [ '5.2.1' ],
932 silly audit   'decimal.js-light': [ '2.5.1' ],
932 silly audit   escalade: [ '3.2.0' ],
932 silly audit   '@types/d3-array': [ '3.2.2' ],
932 silly audit   '@types/d3-ease': [ '3.0.2' ],
932 silly audit   '@types/d3-interpolate': [ '3.0.4' ],
932 silly audit   '@types/d3-scale': [ '4.0.9' ],
932 silly audit   '@types/d3-shape': [ '3.2.0' ],
932 silly audit   '@types/d3-time': [ '3.0.4' ],
932 silly audit   '@types/d3-timer': [ '3.0.2' ],
932 silly audit   'd3-array': [ '3.2.4' ],
932 silly audit   'd3-ease': [ '3.0.1' ],
932 silly audit   'd3-interpolate': [ '3.0.1' ],
932 silly audit   'd3-scale': [ '4.0.2' ],
932 silly audit   'd3-shape': [ '3.2.0' ],
932 silly audit   'd3-time': [ '3.1.0' ],
932 silly audit   'd3-timer': [ '3.0.1' ],
932 silly audit   '@types/d3-color': [ '3.1.3' ],
932 silly audit   '@types/d3-path': [ '3.1.1' ],
932 silly audit   internmap: [ '2.0.3' ],
932 silly audit   'd3-color': [ '3.1.0' ],
932 silly audit   'd3-format': [ '3.1.2' ],
932 silly audit   'd3-time-format': [ '4.1.0' ],
932 silly audit   'd3-path': [ '3.1.0' ],
932 silly audit   esbuild: [ '0.25.12' ],
932 silly audit   fdir: [ '6.5.0' ],
932 silly audit   fsevents: [ '2.3.3' ],
932 silly audit   picomatch: [ '4.0.7' ],
932 silly audit   postcss: [ '8.5.28' ],
932 silly audit   rollup: [ '4.63.1' ],
932 silly audit   tinyglobby: [ '0.2.17' ],
932 silly audit   '@esbuild/aix-ppc64': [ '0.25.12' ],
932 silly audit   '@esbuild/android-arm': [ '0.25.12' ],
932 silly audit   '@esbuild/android-arm64': [ '0.25.12' ],
932 silly audit   '@esbuild/android-x64': [ '0.25.12' ],
932 silly audit   '@esbuild/darwin-arm64': [ '0.25.12' ],
932 silly audit   '@esbuild/darwin-x64': [ '0.25.12' ],
932 silly audit   '@esbuild/freebsd-arm64': [ '0.25.12' ],
932 silly audit   '@esbuild/freebsd-x64': [ '0.25.12' ],
932 silly audit   '@esbuild/linux-arm': [ '0.25.12' ],
932 silly audit   '@esbuild/linux-arm64': [ '0.25.12' ],
932 silly audit   '@esbuild/linux-ia32': [ '0.25.12' ],
932 silly audit   '@esbuild/linux-loong64': [ '0.25.12' ],
932 silly audit   '@esbuild/linux-mips64el': [ '0.25.12' ],
932 silly audit   '@esbuild/linux-ppc64': [ '0.25.12' ],
932 silly audit   '@esbuild/linux-riscv64': [ '0.25.12' ],
932 silly audit   '@esbuild/linux-s390x': [ '0.25.12' ],
932 silly audit   '@esbuild/linux-x64': [ '0.25.12' ],
932 silly audit   '@esbuild/netbsd-arm64': [ '0.25.12' ],
932 silly audit   '@esbuild/netbsd-x64': [ '0.25.12' ],
932 silly audit   '@esbuild/openbsd-arm64': [ '0.25.12' ],
932 silly audit   '@esbuild/openbsd-x64': [ '0.25.12' ],
932 silly audit   '@esbuild/openharmony-arm64': [ '0.25.12' ],
932 silly audit   '@esbuild/sunos-x64': [ '0.25.12' ],
932 silly audit   '@esbuild/win32-arm64': [ '0.25.12' ],
932 silly audit   '@esbuild/win32-ia32': [ '0.25.12' ],
932 silly audit   '@esbuild/win32-x64': [ '0.25.12' ],
932 silly audit   nanoid: [ '3.3.18' ],
932 silly audit   'source-map-js': [ '1.2.1' ],
932 silly audit   '@napi-rs/lzma-linux-x64-gnu': [ '1.5.1' ],
932 silly audit   '@rollup/rollup-android-arm-eabi': [ '4.63.1' ],
932 silly audit   '@rollup/rollup-android-arm64': [ '4.63.1' ],
932 silly audit   '@rollup/rollup-darwin-arm64': [ '4.63.1' ],
932 silly audit   '@rollup/rollup-darwin-x64': [ '4.63.1' ],
932 silly audit   '@rollup/rollup-freebsd-arm64': [ '4.63.1' ],
932 silly audit   '@rollup/rollup-freebsd-x64': [ '4.63.1' ],
932 silly audit   '@rollup/rollup-linux-arm-gnueabihf': [ '4.63.1' ],
932 silly audit   '@rollup/rollup-linux-arm-musleabihf': [ '4.63.1' ],
932 silly audit   '@rollup/rollup-linux-arm64-gnu': [ '4.63.1' ],
932 silly audit   '@rollup/rollup-linux-arm64-musl': [ '4.63.1' ],
932 silly audit   '@rollup/rollup-linux-loong64-gnu': [ '4.63.1' ],
932 silly audit   '@rollup/rollup-linux-loong64-musl': [ '4.63.1' ],
932 silly audit   '@rollup/rollup-linux-ppc64-gnu': [ '4.63.1' ],
932 silly audit   '@rollup/rollup-linux-ppc64-musl': [ '4.63.1' ],
932 silly audit   '@rollup/rollup-linux-riscv64-gnu': [ '4.63.1' ],
932 silly audit   '@rollup/rollup-linux-riscv64-musl': [ '4.63.1' ],
932 silly audit   '@rollup/rollup-linux-s390x-gnu': [ '4.63.1' ],
932 silly audit   '@rollup/rollup-linux-x64-gnu': [ '4.63.1' ],
932 silly audit   '@rollup/rollup-linux-x64-musl': [ '4.63.1' ],
932 silly audit   '@rollup/rollup-openbsd-x64': [ '4.63.1' ],
932 silly audit   '@rollup/rollup-openharmony-arm64': [ '4.63.1' ],
932 silly audit   '@rollup/rollup-win32-arm64-msvc': [ '4.63.1' ],
932 silly audit   '@rollup/rollup-win32-ia32-msvc': [ '4.63.1' ],
932 silly audit   '@rollup/rollup-win32-x64-gnu': [ '4.63.1' ],
932 silly audit   '@rollup/rollup-win32-x64-msvc': [ '4.63.1' ],
932 silly audit   '@types/estree': [ '1.0.9' ]
932 silly audit }
933 http cache @types/estree@https://registry.npmjs.org/@types/estree/-/estree-1.0.9.tgz 0ms (cache hit)
934 http cache source-map-js@https://registry.npmjs.org/source-map-js/-/source-map-js-1.2.1.tgz 0ms (cache hit)
935 http cache @rollup/rollup-win32-x64-gnu@https://registry.npmjs.org/@rollup/rollup-win32-x64-gnu/-/rollup-win32-x64-gnu-4.63.1.tgz 0ms (cache hit)
936 http cache @rollup/rollup-win32-x64-msvc@https://registry.npmjs.org/@rollup/rollup-win32-x64-msvc/-/rollup-win32-x64-msvc-4.63.1.tgz 0ms (cache hit)
937 http cache nanoid@https://registry.npmjs.org/nanoid/-/nanoid-3.3.18.tgz 0ms (cache hit)
938 http cache @esbuild/win32-x64@https://registry.npmjs.org/@esbuild/win32-x64/-/win32-x64-0.25.12.tgz 0ms (cache hit)
939 http cache rollup@https://registry.npmjs.org/rollup/-/rollup-4.63.1.tgz 0ms (cache hit)
940 http cache postcss@https://registry.npmjs.org/postcss/-/postcss-8.5.28.tgz 0ms (cache hit)
941 http cache tinyglobby@https://registry.npmjs.org/tinyglobby/-/tinyglobby-0.2.17.tgz 0ms (cache hit)
942 http cache picomatch@https://registry.npmjs.org/picomatch/-/picomatch-4.0.7.tgz 0ms (cache hit)
943 http cache fdir@https://registry.npmjs.org/fdir/-/fdir-6.5.0.tgz 0ms (cache hit)
944 http cache d3-time-format@https://registry.npmjs.org/d3-time-format/-/d3-time-format-4.1.0.tgz 0ms (cache hit)
945 http cache esbuild@https://registry.npmjs.org/esbuild/-/esbuild-0.25.12.tgz 0ms (cache hit)
946 http cache d3-path@https://registry.npmjs.org/d3-path/-/d3-path-3.1.0.tgz 0ms (cache hit)
947 http cache @types/d3-path@https://registry.npmjs.org/@types/d3-path/-/d3-path-3.1.1.tgz 0ms (cache hit)
948 http cache @types/d3-color@https://registry.npmjs.org/@types/d3-color/-/d3-color-3.1.3.tgz 0ms (cache hit)
949 http cache d3-format@https://registry.npmjs.org/d3-format/-/d3-format-3.1.2.tgz 0ms (cache hit)
950 http cache d3-color@https://registry.npmjs.org/d3-color/-/d3-color-3.1.0.tgz 0ms (cache hit)
951 http cache internmap@https://registry.npmjs.org/internmap/-/internmap-2.0.3.tgz 0ms (cache hit)
952 http cache d3-time@https://registry.npmjs.org/d3-time/-/d3-time-3.1.0.tgz 0ms (cache hit)
953 http cache d3-timer@https://registry.npmjs.org/d3-timer/-/d3-timer-3.0.1.tgz 0ms (cache hit)
954 http cache d3-scale@https://registry.npmjs.org/d3-scale/-/d3-scale-4.0.2.tgz 0ms (cache hit)
955 http cache d3-shape@https://registry.npmjs.org/d3-shape/-/d3-shape-3.2.0.tgz 0ms (cache hit)
956 http cache @types/d3-timer@https://registry.npmjs.org/@types/d3-timer/-/d3-timer-3.0.2.tgz 0ms (cache hit)
957 http cache d3-interpolate@https://registry.npmjs.org/d3-interpolate/-/d3-interpolate-3.0.1.tgz 0ms (cache hit)
958 http cache d3-array@https://registry.npmjs.org/d3-array/-/d3-array-3.2.4.tgz 0ms (cache hit)
959 http cache d3-ease@https://registry.npmjs.org/d3-ease/-/d3-ease-3.0.1.tgz 0ms (cache hit)
960 http cache @types/d3-shape@https://registry.npmjs.org/@types/d3-shape/-/d3-shape-3.2.0.tgz 0ms (cache hit)
961 http cache @types/d3-time@https://registry.npmjs.org/@types/d3-time/-/d3-time-3.0.4.tgz 0ms (cache hit)
962 http cache @types/d3-interpolate@https://registry.npmjs.org/@types/d3-interpolate/-/d3-interpolate-3.0.4.tgz 0ms (cache hit)
963 http cache @types/d3-scale@https://registry.npmjs.org/@types/d3-scale/-/d3-scale-4.0.9.tgz 0ms (cache hit)
964 http cache decimal.js-light@https://registry.npmjs.org/decimal.js-light/-/decimal.js-light-2.5.1.tgz 0ms (cache hit)
965 http cache @types/d3-ease@https://registry.npmjs.org/@types/d3-ease/-/d3-ease-3.0.2.tgz 0ms (cache hit)
966 http cache @types/d3-array@https://registry.npmjs.org/@types/d3-array/-/d3-array-3.2.2.tgz 0ms (cache hit)
967 http cache @babel/runtime@https://registry.npmjs.org/@babel/runtime/-/runtime-7.29.7.tgz 0ms (cache hit)
968 http cache dom-helpers@https://registry.npmjs.org/dom-helpers/-/dom-helpers-5.2.1.tgz 0ms (cache hit)
969 http cache escalade@https://registry.npmjs.org/escalade/-/escalade-3.2.0.tgz 0ms (cache hit)
970 http cache object-assign@https://registry.npmjs.org/object-assign/-/object-assign-4.1.1.tgz 0ms (cache hit)
971 http cache fast-equals@https://registry.npmjs.org/fast-equals/-/fast-equals-5.4.2.tgz 0ms (cache hit)
972 http cache prop-types@https://registry.npmjs.org/prop-types/-/prop-types-15.8.1.tgz 0ms (cache hit)
973 http cache victory-vendor@https://registry.npmjs.org/victory-vendor/-/victory-vendor-36.9.2.tgz 0ms (cache hit)
974 http cache tiny-invariant@https://registry.npmjs.org/tiny-invariant/-/tiny-invariant-1.3.3.tgz 0ms (cache hit)
975 http cache recharts-scale@https://registry.npmjs.org/recharts-scale/-/recharts-scale-0.4.5.tgz 0ms (cache hit)
976 http cache react-smooth@https://registry.npmjs.org/react-smooth/-/react-smooth-4.0.4.tgz 0ms (cache hit)
977 http cache react-is@https://registry.npmjs.org/react-is/-/react-is-18.3.1.tgz 0ms (cache hit)
978 http cache lodash@https://registry.npmjs.org/lodash/-/lodash-4.18.1.tgz 0ms (cache hit)
979 http cache eventemitter3@https://registry.npmjs.org/eventemitter3/-/eventemitter3-4.0.7.tgz 0ms (cache hit)
980 http cache clsx@https://registry.npmjs.org/clsx/-/clsx-2.1.1.tgz 0ms (cache hit)
981 http cache scheduler@https://registry.npmjs.org/scheduler/-/scheduler-0.23.2.tgz 0ms (cache hit)
982 http cache loose-envify@https://registry.npmjs.org/loose-envify/-/loose-envify-1.4.0.tgz 0ms (cache hit)
983 http cache yallist@https://registry.npmjs.org/yallist/-/yallist-3.1.1.tgz 0ms (cache hit)
984 http cache ms@https://registry.npmjs.org/ms/-/ms-2.1.3.tgz 0ms (cache hit)
985 http cache update-browserslist-db@https://registry.npmjs.org/update-browserslist-db/-/update-browserslist-db-1.3.2.tgz 0ms (cache hit)
986 http cache node-releases@https://registry.npmjs.org/node-releases/-/node-releases-2.0.55.tgz 0ms (cache hit)
987 http cache react-transition-group@https://registry.npmjs.org/react-transition-group/-/react-transition-group-4.4.5.tgz 0ms (cache hit)
988 http cache @types/babel__generator@https://registry.npmjs.org/@types/babel__generator/-/babel__generator-7.27.0.tgz 0ms (cache hit)
989 http cache @types/babel__traverse@https://registry.npmjs.org/@types/babel__traverse/-/babel__traverse-7.28.0.tgz 0ms (cache hit)
990 http cache @types/babel__template@https://registry.npmjs.org/@types/babel__template/-/babel__template-7.4.4.tgz 0ms (cache hit)
991 http cache electron-to-chromium@https://registry.npmjs.org/electron-to-chromium/-/electron-to-chromium-1.5.425.tgz 0ms (cache hit)
992 http cache baseline-browser-mapping@https://registry.npmjs.org/baseline-browser-mapping/-/baseline-browser-mapping-2.11.21.tgz 0ms (cache hit)
993 http cache @jridgewell/resolve-uri@https://registry.npmjs.org/@jridgewell/resolve-uri/-/resolve-uri-3.1.2.tgz 0ms (cache hit)
994 http cache @jridgewell/sourcemap-codec@https://registry.npmjs.org/@jridgewell/sourcemap-codec/-/sourcemap-codec-1.6.0.tgz 0ms (cache hit)
995 http cache caniuse-lite@https://registry.npmjs.org/caniuse-lite/-/caniuse-lite-1.0.30001810.tgz 0ms (cache hit)
996 http cache @babel/helper-string-parser@https://registry.npmjs.org/@babel/helper-string-parser/-/helper-string-parser-7.29.7.tgz 0ms (cache hit)
997 http cache browserslist@https://registry.npmjs.org/browserslist/-/browserslist-4.28.9.tgz 0ms (cache hit)
998 http cache @babel/helper-globals@https://registry.npmjs.org/@babel/helper-globals/-/helper-globals-7.29.7.tgz 0ms (cache hit)
999 http cache @babel/helper-plugin-utils@https://registry.npmjs.org/@babel/helper-plugin-utils/-/helper-plugin-utils-7.29.7.tgz 0ms (cache hit)
1000 http cache lru-cache@https://registry.npmjs.org/lru-cache/-/lru-cache-5.1.1.tgz 0ms (cache hit)
1001 http cache @babel/helper-module-imports@https://registry.npmjs.org/@babel/helper-module-imports/-/helper-module-imports-7.29.7.tgz 0ms (cache hit)
1002 http cache jsesc@https://registry.npmjs.org/jsesc/-/jsesc-3.1.0.tgz 0ms (cache hit)
1003 http cache @babel/helper-validator-option@https://registry.npmjs.org/@babel/helper-validator-option/-/helper-validator-option-7.29.7.tgz 0ms (cache hit)
1004 http cache @babel/compat-data@https://registry.npmjs.org/@babel/compat-data/-/compat-data-7.29.7.tgz 0ms (cache hit)
1005 http cache @jridgewell/trace-mapping@https://registry.npmjs.org/@jridgewell/trace-mapping/-/trace-mapping-0.3.31.tgz 0ms (cache hit)
1006 http cache @jridgewell/gen-mapping@https://registry.npmjs.org/@jridgewell/gen-mapping/-/gen-mapping-0.3.13.tgz 0ms (cache hit)
1007 http cache @babel/helper-validator-identifier@https://registry.npmjs.org/@babel/helper-validator-identifier/-/helper-validator-identifier-7.29.7.tgz 0ms (cache hit)
1008 http cache picocolors@https://registry.npmjs.org/picocolors/-/picocolors-1.1.1.tgz 0ms (cache hit)
1009 http cache js-tokens@https://registry.npmjs.org/js-tokens/-/js-tokens-4.0.0.tgz 0ms (cache hit)
1010 http cache json5@https://registry.npmjs.org/json5/-/json5-2.2.3.tgz 0ms (cache hit)
1011 http cache semver@https://registry.npmjs.org/semver/-/semver-6.3.1.tgz 0ms (cache hit)
1012 http cache @jridgewell/remapping@https://registry.npmjs.org/@jridgewell/remapping/-/remapping-2.3.5.tgz 0ms (cache hit)
1013 http cache gensync@https://registry.npmjs.org/gensync/-/gensync-1.0.0-beta.2.tgz 0ms (cache hit)
1014 http cache debug@https://registry.npmjs.org/debug/-/debug-4.4.3.tgz 0ms (cache hit)
1015 http cache convert-source-map@https://registry.npmjs.org/convert-source-map/-/convert-source-map-2.0.0.tgz 0ms (cache hit)
1016 http cache @babel/types@https://registry.npmjs.org/@babel/types/-/types-7.29.8.tgz 0ms (cache hit)
1017 http cache @babel/template@https://registry.npmjs.org/@babel/template/-/template-7.29.7.tgz 0ms (cache hit)
1018 http cache @babel/parser@https://registry.npmjs.org/@babel/parser/-/parser-7.29.8.tgz 0ms (cache hit)
1019 http cache @babel/traverse@https://registry.npmjs.org/@babel/traverse/-/traverse-7.29.8.tgz 0ms (cache hit)
1020 http cache @babel/helpers@https://registry.npmjs.org/@babel/helpers/-/helpers-7.29.7.tgz 0ms (cache hit)
1021 http cache @babel/generator@https://registry.npmjs.org/@babel/generator/-/generator-7.29.8.tgz 0ms (cache hit)
1022 http cache @babel/helper-module-transforms@https://registry.npmjs.org/@babel/helper-module-transforms/-/helper-module-transforms-7.29.7.tgz 0ms (cache hit)
1023 http cache @babel/code-frame@https://registry.npmjs.org/@babel/code-frame/-/code-frame-7.29.7.tgz 1ms (cache hit)
1024 http cache @types/babel__core@https://registry.npmjs.org/@types/babel__core/-/babel__core-7.20.5.tgz 0ms (cache hit)
1025 http cache react-refresh@https://registry.npmjs.org/react-refresh/-/react-refresh-0.17.0.tgz 0ms (cache hit)
1026 http cache @rolldown/pluginutils@https://registry.npmjs.org/@rolldown/pluginutils/-/pluginutils-1.0.0-beta.27.tgz 0ms (cache hit)
1027 http cache @babel/helper-compilation-targets@https://registry.npmjs.org/@babel/helper-compilation-targets/-/helper-compilation-targets-7.29.7.tgz 0ms (cache hit)
1028 http cache csstype@https://registry.npmjs.org/csstype/-/csstype-3.2.3.tgz 0ms (cache hit)
1029 http cache @types/prop-types@https://registry.npmjs.org/@types/prop-types/-/prop-types-15.7.15.tgz 0ms (cache hit)
1030 http cache typescript@https://registry.npmjs.org/typescript/-/typescript-5.9.3.tgz 0ms (cache hit)
1031 http cache @babel/plugin-transform-react-jsx-self@https://registry.npmjs.org/@babel/plugin-transform-react-jsx-self/-/plugin-transform-react-jsx-self-7.29.7.tgz 0ms (cache hit)
1032 http cache @babel/plugin-transform-react-jsx-source@https://registry.npmjs.org/@babel/plugin-transform-react-jsx-source/-/plugin-transform-react-jsx-source-7.29.7.tgz 0ms (cache hit)
1033 http cache recharts@https://registry.npmjs.org/recharts/-/recharts-2.15.4.tgz 0ms (cache hit)
1034 http cache react@https://registry.npmjs.org/react/-/react-18.3.1.tgz 0ms (cache hit)
1035 http cache @babel/core@https://registry.npmjs.org/@babel/core/-/core-7.29.7.tgz 0ms (cache hit)
1036 http cache react-dom@https://registry.npmjs.org/react-dom/-/react-dom-18.3.1.tgz 0ms (cache hit)
1037 http cache lucide-react@https://registry.npmjs.org/lucide-react/-/lucide-react-0.468.0.tgz 0ms (cache hit)
1038 http cache vite@https://registry.npmjs.org/vite/-/vite-6.4.3.tgz 0ms (cache hit)
1039 http cache @types/react@https://registry.npmjs.org/@types/react/-/react-18.3.31.tgz 0ms (cache hit)
1040 http cache @types/react-dom@https://registry.npmjs.org/@types/react-dom/-/react-dom-18.3.7.tgz 0ms (cache hit)
1041 http cache @vitejs/plugin-react@https://registry.npmjs.org/@vitejs/plugin-react/-/plugin-react-4.7.0.tgz 0ms (cache hit)
1042 silly tarball no local data for @types/estree@https://registry.npmjs.org/@types/estree/-/estree-1.0.9.tgz. Extracting by manifest.
1043 http cache react-is@https://registry.npmjs.org/react-is/-/react-is-16.13.1.tgz 0ms (cache hit)
1044 silly tarball no local data for source-map-js@https://registry.npmjs.org/source-map-js/-/source-map-js-1.2.1.tgz. Extracting by manifest.
1045 silly tarball no local data for @rollup/rollup-win32-x64-gnu@https://registry.npmjs.org/@rollup/rollup-win32-x64-gnu/-/rollup-win32-x64-gnu-4.63.1.tgz. Extracting by manifest.
1046 silly tarball no local data for @rollup/rollup-win32-x64-msvc@https://registry.npmjs.org/@rollup/rollup-win32-x64-msvc/-/rollup-win32-x64-msvc-4.63.1.tgz. Extracting by manifest.
1047 silly tarball no local data for nanoid@https://registry.npmjs.org/nanoid/-/nanoid-3.3.18.tgz. Extracting by manifest.
1048 silly tarball no local data for @esbuild/win32-x64@https://registry.npmjs.org/@esbuild/win32-x64/-/win32-x64-0.25.12.tgz. Extracting by manifest.
1049 silly tarball no local data for rollup@https://registry.npmjs.org/rollup/-/rollup-4.63.1.tgz. Extracting by manifest.
1050 silly tarball no local data for postcss@https://registry.npmjs.org/postcss/-/postcss-8.5.28.tgz. Extracting by manifest.
1051 silly tarball no local data for tinyglobby@https://registry.npmjs.org/tinyglobby/-/tinyglobby-0.2.17.tgz. Extracting by manifest.
1052 silly tarball no local data for picomatch@https://registry.npmjs.org/picomatch/-/picomatch-4.0.7.tgz. Extracting by manifest.
1053 silly tarball no local data for fdir@https://registry.npmjs.org/fdir/-/fdir-6.5.0.tgz. Extracting by manifest.
1054 silly tarball no local data for d3-time-format@https://registry.npmjs.org/d3-time-format/-/d3-time-format-4.1.0.tgz. Extracting by manifest.
1055 silly tarball no local data for esbuild@https://registry.npmjs.org/esbuild/-/esbuild-0.25.12.tgz. Extracting by manifest.
1056 silly tarball no local data for d3-path@https://registry.npmjs.org/d3-path/-/d3-path-3.1.0.tgz. Extracting by manifest.
1057 silly tarball no local data for @types/d3-path@https://registry.npmjs.org/@types/d3-path/-/d3-path-3.1.1.tgz. Extracting by manifest.
1058 silly tarball no local data for @types/d3-color@https://registry.npmjs.org/@types/d3-color/-/d3-color-3.1.3.tgz. Extracting by manifest.
1059 silly tarball no local data for d3-format@https://registry.npmjs.org/d3-format/-/d3-format-3.1.2.tgz. Extracting by manifest.
1060 silly tarball no local data for d3-color@https://registry.npmjs.org/d3-color/-/d3-color-3.1.0.tgz. Extracting by manifest.
1061 silly tarball no local data for internmap@https://registry.npmjs.org/internmap/-/internmap-2.0.3.tgz. Extracting by manifest.
1062 silly tarball no local data for d3-time@https://registry.npmjs.org/d3-time/-/d3-time-3.1.0.tgz. Extracting by manifest.
1063 silly tarball no local data for d3-timer@https://registry.npmjs.org/d3-timer/-/d3-timer-3.0.1.tgz. Extracting by manifest.
1064 silly tarball no local data for d3-scale@https://registry.npmjs.org/d3-scale/-/d3-scale-4.0.2.tgz. Extracting by manifest.
1065 silly tarball no local data for d3-shape@https://registry.npmjs.org/d3-shape/-/d3-shape-3.2.0.tgz. Extracting by manifest.
1066 silly tarball no local data for @types/d3-timer@https://registry.npmjs.org/@types/d3-timer/-/d3-timer-3.0.2.tgz. Extracting by manifest.
1067 silly tarball no local data for d3-interpolate@https://registry.npmjs.org/d3-interpolate/-/d3-interpolate-3.0.1.tgz. Extracting by manifest.
1068 silly tarball no local data for d3-array@https://registry.npmjs.org/d3-array/-/d3-array-3.2.4.tgz. Extracting by manifest.
1069 silly tarball no local data for d3-ease@https://registry.npmjs.org/d3-ease/-/d3-ease-3.0.1.tgz. Extracting by manifest.
1070 silly tarball no local data for @types/d3-shape@https://registry.npmjs.org/@types/d3-shape/-/d3-shape-3.2.0.tgz. Extracting by manifest.
1071 silly tarball no local data for @types/d3-time@https://registry.npmjs.org/@types/d3-time/-/d3-time-3.0.4.tgz. Extracting by manifest.
1072 silly tarball no local data for @types/d3-interpolate@https://registry.npmjs.org/@types/d3-interpolate/-/d3-interpolate-3.0.4.tgz. Extracting by manifest.
1073 silly tarball no local data for @types/d3-scale@https://registry.npmjs.org/@types/d3-scale/-/d3-scale-4.0.9.tgz. Extracting by manifest.
1074 silly tarball no local data for decimal.js-light@https://registry.npmjs.org/decimal.js-light/-/decimal.js-light-2.5.1.tgz. Extracting by manifest.
1075 silly tarball no local data for @types/d3-ease@https://registry.npmjs.org/@types/d3-ease/-/d3-ease-3.0.2.tgz. Extracting by manifest.
1076 silly tarball no local data for @types/d3-array@https://registry.npmjs.org/@types/d3-array/-/d3-array-3.2.2.tgz. Extracting by manifest.
1077 silly tarball no local data for @babel/runtime@https://registry.npmjs.org/@babel/runtime/-/runtime-7.29.7.tgz. Extracting by manifest.
1078 silly tarball no local data for dom-helpers@https://registry.npmjs.org/dom-helpers/-/dom-helpers-5.2.1.tgz. Extracting by manifest.
1079 silly tarball no local data for escalade@https://registry.npmjs.org/escalade/-/escalade-3.2.0.tgz. Extracting by manifest.
1080 silly tarball no local data for object-assign@https://registry.npmjs.org/object-assign/-/object-assign-4.1.1.tgz. Extracting by manifest.
1081 silly tarball no local data for fast-equals@https://registry.npmjs.org/fast-equals/-/fast-equals-5.4.2.tgz. Extracting by manifest.
1082 silly tarball no local data for prop-types@https://registry.npmjs.org/prop-types/-/prop-types-15.8.1.tgz. Extracting by manifest.
1083 silly tarball no local data for victory-vendor@https://registry.npmjs.org/victory-vendor/-/victory-vendor-36.9.2.tgz. Extracting by manifest.
1084 silly tarball no local data for tiny-invariant@https://registry.npmjs.org/tiny-invariant/-/tiny-invariant-1.3.3.tgz. Extracting by manifest.
1085 silly tarball no local data for recharts-scale@https://registry.npmjs.org/recharts-scale/-/recharts-scale-0.4.5.tgz. Extracting by manifest.
1086 silly tarball no local data for react-smooth@https://registry.npmjs.org/react-smooth/-/react-smooth-4.0.4.tgz. Extracting by manifest.
1087 silly tarball no local data for react-is@https://registry.npmjs.org/react-is/-/react-is-18.3.1.tgz. Extracting by manifest.
1088 silly tarball no local data for lodash@https://registry.npmjs.org/lodash/-/lodash-4.18.1.tgz. Extracting by manifest.
1089 silly tarball no local data for eventemitter3@https://registry.npmjs.org/eventemitter3/-/eventemitter3-4.0.7.tgz. Extracting by manifest.
1090 silly tarball no local data for clsx@https://registry.npmjs.org/clsx/-/clsx-2.1.1.tgz. Extracting by manifest.
1091 silly tarball no local data for scheduler@https://registry.npmjs.org/scheduler/-/scheduler-0.23.2.tgz. Extracting by manifest.
1092 silly tarball no local data for loose-envify@https://registry.npmjs.org/loose-envify/-/loose-envify-1.4.0.tgz. Extracting by manifest.
1093 silly tarball no local data for yallist@https://registry.npmjs.org/yallist/-/yallist-3.1.1.tgz. Extracting by manifest.
1094 silly tarball no local data for ms@https://registry.npmjs.org/ms/-/ms-2.1.3.tgz. Extracting by manifest.
1095 silly tarball no local data for update-browserslist-db@https://registry.npmjs.org/update-browserslist-db/-/update-browserslist-db-1.3.2.tgz. Extracting by manifest.
1096 silly tarball no local data for node-releases@https://registry.npmjs.org/node-releases/-/node-releases-2.0.55.tgz. Extracting by manifest.
1097 silly tarball no local data for react-transition-group@https://registry.npmjs.org/react-transition-group/-/react-transition-group-4.4.5.tgz. Extracting by manifest.
1098 silly tarball no local data for @types/babel__generator@https://registry.npmjs.org/@types/babel__generator/-/babel__generator-7.27.0.tgz. Extracting by manifest.
1099 silly tarball no local data for @types/babel__traverse@https://registry.npmjs.org/@types/babel__traverse/-/babel__traverse-7.28.0.tgz. Extracting by manifest.
1100 silly tarball no local data for @types/babel__template@https://registry.npmjs.org/@types/babel__template/-/babel__template-7.4.4.tgz. Extracting by manifest.
1101 silly tarball no local data for electron-to-chromium@https://registry.npmjs.org/electron-to-chromium/-/electron-to-chromium-1.5.425.tgz. Extracting by manifest.
1102 silly tarball no local data for baseline-browser-mapping@https://registry.npmjs.org/baseline-browser-mapping/-/baseline-browser-mapping-2.11.21.tgz. Extracting by manifest.
1103 silly tarball no local data for @jridgewell/resolve-uri@https://registry.npmjs.org/@jridgewell/resolve-uri/-/resolve-uri-3.1.2.tgz. Extracting by manifest.
1104 silly tarball no local data for @jridgewell/sourcemap-codec@https://registry.npmjs.org/@jridgewell/sourcemap-codec/-/sourcemap-codec-1.6.0.tgz. Extracting by manifest.
1105 silly tarball no local data for caniuse-lite@https://registry.npmjs.org/caniuse-lite/-/caniuse-lite-1.0.30001810.tgz. Extracting by manifest.
1106 silly tarball no local data for @babel/helper-string-parser@https://registry.npmjs.org/@babel/helper-string-parser/-/helper-string-parser-7.29.7.tgz. Extracting by manifest.
1107 silly tarball no local data for browserslist@https://registry.npmjs.org/browserslist/-/browserslist-4.28.9.tgz. Extracting by manifest.
1108 silly tarball no local data for @babel/helper-globals@https://registry.npmjs.org/@babel/helper-globals/-/helper-globals-7.29.7.tgz. Extracting by manifest.
1109 silly tarball no local data for @babel/helper-plugin-utils@https://registry.npmjs.org/@babel/helper-plugin-utils/-/helper-plugin-utils-7.29.7.tgz. Extracting by manifest.
1110 silly tarball no local data for lru-cache@https://registry.npmjs.org/lru-cache/-/lru-cache-5.1.1.tgz. Extracting by manifest.
1111 silly tarball no local data for @babel/helper-module-imports@https://registry.npmjs.org/@babel/helper-module-imports/-/helper-module-imports-7.29.7.tgz. Extracting by manifest.
1112 silly tarball no local data for jsesc@https://registry.npmjs.org/jsesc/-/jsesc-3.1.0.tgz. Extracting by manifest.
1113 silly tarball no local data for @babel/helper-validator-option@https://registry.npmjs.org/@babel/helper-validator-option/-/helper-validator-option-7.29.7.tgz. Extracting by manifest.
1114 silly tarball no local data for @babel/compat-data@https://registry.npmjs.org/@babel/compat-data/-/compat-data-7.29.7.tgz. Extracting by manifest.
1115 silly tarball no local data for @jridgewell/trace-mapping@https://registry.npmjs.org/@jridgewell/trace-mapping/-/trace-mapping-0.3.31.tgz. Extracting by manifest.
1116 silly tarball no local data for @jridgewell/gen-mapping@https://registry.npmjs.org/@jridgewell/gen-mapping/-/gen-mapping-0.3.13.tgz. Extracting by manifest.
1117 silly tarball no local data for @babel/helper-validator-identifier@https://registry.npmjs.org/@babel/helper-validator-identifier/-/helper-validator-identifier-7.29.7.tgz. Extracting by manifest.
1118 silly tarball no local data for picocolors@https://registry.npmjs.org/picocolors/-/picocolors-1.1.1.tgz. Extracting by manifest.
1119 silly tarball no local data for js-tokens@https://registry.npmjs.org/js-tokens/-/js-tokens-4.0.0.tgz. Extracting by manifest.
1120 silly tarball no local data for json5@https://registry.npmjs.org/json5/-/json5-2.2.3.tgz. Extracting by manifest.
1121 silly tarball no local data for semver@https://registry.npmjs.org/semver/-/semver-6.3.1.tgz. Extracting by manifest.
1122 silly tarball no local data for @jridgewell/remapping@https://registry.npmjs.org/@jridgewell/remapping/-/remapping-2.3.5.tgz. Extracting by manifest.
1123 silly tarball no local data for gensync@https://registry.npmjs.org/gensync/-/gensync-1.0.0-beta.2.tgz. Extracting by manifest.
1124 silly tarball no local data for debug@https://registry.npmjs.org/debug/-/debug-4.4.3.tgz. Extracting by manifest.
1125 silly tarball no local data for convert-source-map@https://registry.npmjs.org/convert-source-map/-/convert-source-map-2.0.0.tgz. Extracting by manifest.
1126 silly tarball no local data for @babel/types@https://registry.npmjs.org/@babel/types/-/types-7.29.8.tgz. Extracting by manifest.
1127 silly tarball no local data for @babel/template@https://registry.npmjs.org/@babel/template/-/template-7.29.7.tgz. Extracting by manifest.
1128 silly tarball no local data for @babel/parser@https://registry.npmjs.org/@babel/parser/-/parser-7.29.8.tgz. Extracting by manifest.
1129 silly tarball no local data for @babel/traverse@https://registry.npmjs.org/@babel/traverse/-/traverse-7.29.8.tgz. Extracting by manifest.
1130 silly tarball no local data for @babel/helpers@https://registry.npmjs.org/@babel/helpers/-/helpers-7.29.7.tgz. Extracting by manifest.
1131 silly tarball no local data for @babel/generator@https://registry.npmjs.org/@babel/generator/-/generator-7.29.8.tgz. Extracting by manifest.
1132 silly tarball no local data for @babel/helper-module-transforms@https://registry.npmjs.org/@babel/helper-module-transforms/-/helper-module-transforms-7.29.7.tgz. Extracting by manifest.
1133 silly tarball no local data for @babel/code-frame@https://registry.npmjs.org/@babel/code-frame/-/code-frame-7.29.7.tgz. Extracting by manifest.
1134 silly tarball no local data for @types/babel__core@https://registry.npmjs.org/@types/babel__core/-/babel__core-7.20.5.tgz. Extracting by manifest.
1135 silly tarball no local data for react-refresh@https://registry.npmjs.org/react-refresh/-/react-refresh-0.17.0.tgz. Extracting by manifest.
1136 silly tarball no local data for @rolldown/pluginutils@https://registry.npmjs.org/@rolldown/pluginutils/-/pluginutils-1.0.0-beta.27.tgz. Extracting by manifest.
1137 silly tarball no local data for @babel/helper-compilation-targets@https://registry.npmjs.org/@babel/helper-compilation-targets/-/helper-compilation-targets-7.29.7.tgz. Extracting by manifest.
1138 silly tarball no local data for csstype@https://registry.npmjs.org/csstype/-/csstype-3.2.3.tgz. Extracting by manifest.
1139 silly tarball no local data for @types/prop-types@https://registry.npmjs.org/@types/prop-types/-/prop-types-15.7.15.tgz. Extracting by manifest.
1140 silly tarball no local data for typescript@https://registry.npmjs.org/typescript/-/typescript-5.9.3.tgz. Extracting by manifest.
1141 silly tarball no local data for @babel/plugin-transform-react-jsx-self@https://registry.npmjs.org/@babel/plugin-transform-react-jsx-self/-/plugin-transform-react-jsx-self-7.29.7.tgz. Extracting by manifest.
1142 silly tarball no local data for @babel/plugin-transform-react-jsx-source@https://registry.npmjs.org/@babel/plugin-transform-react-jsx-source/-/plugin-transform-react-jsx-source-7.29.7.tgz. Extracting by manifest.
1143 silly tarball no local data for recharts@https://registry.npmjs.org/recharts/-/recharts-2.15.4.tgz. Extracting by manifest.
1144 silly tarball no local data for react@https://registry.npmjs.org/react/-/react-18.3.1.tgz. Extracting by manifest.
1145 silly tarball no local data for @babel/core@https://registry.npmjs.org/@babel/core/-/core-7.29.7.tgz. Extracting by manifest.
1146 silly tarball no local data for react-dom@https://registry.npmjs.org/react-dom/-/react-dom-18.3.1.tgz. Extracting by manifest.
1147 silly tarball no local data for lucide-react@https://registry.npmjs.org/lucide-react/-/lucide-react-0.468.0.tgz. Extracting by manifest.
1148 silly tarball no local data for vite@https://registry.npmjs.org/vite/-/vite-6.4.3.tgz. Extracting by manifest.
1149 silly tarball no local data for @types/react@https://registry.npmjs.org/@types/react/-/react-18.3.31.tgz. Extracting by manifest.
1150 silly tarball no local data for @types/react-dom@https://registry.npmjs.org/@types/react-dom/-/react-dom-18.3.7.tgz. Extracting by manifest.
1151 silly tarball no local data for @vitejs/plugin-react@https://registry.npmjs.org/@vitejs/plugin-react/-/plugin-react-4.7.0.tgz. Extracting by manifest.
1152 silly tarball no local data for react-is@https://registry.npmjs.org/react-is/-/react-is-16.13.1.tgz. Extracting by manifest.
1153 http fetch POST 200 https://registry.npmjs.org/-/npm/v1/security/advisories/bulk 410ms
1154 silly audit report {}
1155 http fetch GET 200 https://registry.npmjs.org/nanoid/-/nanoid-3.3.18.tgz 407ms (cache miss)
1156 http fetch GET 200 https://registry.npmjs.org/@types/d3-color/-/d3-color-3.1.3.tgz 400ms (cache miss)
1157 http fetch GET 200 https://registry.npmjs.org/@types/d3-path/-/d3-path-3.1.1.tgz 402ms (cache miss)
1158 http fetch GET 200 https://registry.npmjs.org/@types/estree/-/estree-1.0.9.tgz 420ms (cache miss)
1159 http fetch GET 200 https://registry.npmjs.org/d3-format/-/d3-format-3.1.2.tgz 405ms (cache miss)
1160 http fetch GET 200 https://registry.npmjs.org/internmap/-/internmap-2.0.3.tgz 414ms (cache miss)
1161 http fetch GET 200 https://registry.npmjs.org/d3-time/-/d3-time-3.1.0.tgz 443ms (cache miss)
1162 http fetch GET 200 https://registry.npmjs.org/d3-color/-/d3-color-3.1.0.tgz 472ms (cache miss)
1163 http fetch GET 200 https://registry.npmjs.org/d3-timer/-/d3-timer-3.0.1.tgz 482ms (cache miss)
1164 http fetch GET 200 https://registry.npmjs.org/source-map-js/-/source-map-js-1.2.1.tgz 567ms (cache miss)
1165 http fetch GET 200 https://registry.npmjs.org/@types/d3-timer/-/d3-timer-3.0.2.tgz 583ms (cache miss)
1166 http fetch GET 200 https://registry.npmjs.org/tinyglobby/-/tinyglobby-0.2.17.tgz 612ms (cache miss)
1167 http fetch GET 200 https://registry.npmjs.org/fdir/-/fdir-6.5.0.tgz 630ms (cache miss)
1168 http fetch GET 200 https://registry.npmjs.org/d3-scale/-/d3-scale-4.0.2.tgz 653ms (cache miss)
1169 http fetch GET 200 https://registry.npmjs.org/@types/d3-shape/-/d3-shape-3.2.0.tgz 730ms (cache miss)
1170 http fetch GET 200 https://registry.npmjs.org/@types/d3-time/-/d3-time-3.0.4.tgz 854ms (cache miss)
1171 http fetch GET 200 https://registry.npmjs.org/@types/d3-interpolate/-/d3-interpolate-3.0.4.tgz 875ms (cache miss)
1172 http fetch GET 200 https://registry.npmjs.org/@rollup/rollup-win32-x64-gnu/-/rollup-win32-x64-gnu-4.63.1.tgz 981ms (cache miss)
1173 http fetch GET 200 https://registry.npmjs.org/d3-ease/-/d3-ease-3.0.1.tgz 949ms (cache miss)
1174 http fetch GET 200 https://registry.npmjs.org/@types/d3-ease/-/d3-ease-3.0.2.tgz 950ms (cache miss)
1175 http fetch GET 200 https://registry.npmjs.org/@types/d3-scale/-/d3-scale-4.0.9.tgz 972ms (cache miss)
1176 http fetch GET 200 https://registry.npmjs.org/@types/d3-array/-/d3-array-3.2.2.tgz 991ms (cache miss)
1177 http fetch GET 200 https://registry.npmjs.org/escalade/-/escalade-3.2.0.tgz 996ms (cache miss)
1178 http fetch GET 200 https://registry.npmjs.org/object-assign/-/object-assign-4.1.1.tgz 1041ms (cache miss)
1179 http fetch GET 200 https://registry.npmjs.org/decimal.js-light/-/decimal.js-light-2.5.1.tgz 1046ms (cache miss)
1180 http fetch GET 200 https://registry.npmjs.org/d3-path/-/d3-path-3.1.0.tgz 1136ms (cache miss)
1181 http fetch GET 200 https://registry.npmjs.org/picomatch/-/picomatch-4.0.7.tgz 1148ms (cache miss)
1182 http fetch GET 200 https://registry.npmjs.org/react-is/-/react-is-18.3.1.tgz 1194ms (cache miss)
1183 http fetch GET 200 https://registry.npmjs.org/eventemitter3/-/eventemitter3-4.0.7.tgz 1313ms (cache miss)
1184 http fetch GET 200 https://registry.npmjs.org/esbuild/-/esbuild-0.25.12.tgz 1355ms (cache miss)
1185 http fetch GET 200 https://registry.npmjs.org/loose-envify/-/loose-envify-1.4.0.tgz 1337ms (cache miss)
1186 http fetch GET 200 https://registry.npmjs.org/yallist/-/yallist-3.1.1.tgz 1358ms (cache miss)
1187 http fetch GET 200 https://registry.npmjs.org/ms/-/ms-2.1.3.tgz 1361ms (cache miss)
1188 http fetch GET 200 https://registry.npmjs.org/@types/babel__generator/-/babel__generator-7.27.0.tgz 1402ms (cache miss)
1189 http fetch GET 200 https://registry.npmjs.org/@types/babel__template/-/babel__template-7.4.4.tgz 1418ms (cache miss)
1190 http fetch GET 200 https://registry.npmjs.org/@types/babel__traverse/-/babel__traverse-7.28.0.tgz 1430ms (cache miss)
1191 http fetch GET 200 https://registry.npmjs.org/node-releases/-/node-releases-2.0.55.tgz 1433ms (cache miss)
1192 http fetch GET 200 https://registry.npmjs.org/postcss/-/postcss-8.5.28.tgz 1488ms (cache miss)
1193 http fetch GET 200 https://registry.npmjs.org/update-browserslist-db/-/update-browserslist-db-1.3.2.tgz 1442ms (cache miss)
1194 http fetch GET 200 https://registry.npmjs.org/clsx/-/clsx-2.1.1.tgz 1464ms (cache miss)
1195 http fetch GET 200 https://registry.npmjs.org/prop-types/-/prop-types-15.8.1.tgz 1481ms (cache miss)
1196 http fetch GET 200 https://registry.npmjs.org/tiny-invariant/-/tiny-invariant-1.3.3.tgz 1497ms (cache miss)
1197 http fetch GET 200 https://registry.npmjs.org/@babel/helper-string-parser/-/helper-string-parser-7.29.7.tgz 1495ms (cache miss)
1198 http fetch GET 200 https://registry.npmjs.org/@babel/helper-globals/-/helper-globals-7.29.7.tgz 1509ms (cache miss)
1199 http fetch GET 200 https://registry.npmjs.org/@babel/helper-plugin-utils/-/helper-plugin-utils-7.29.7.tgz 1543ms (cache miss)
1200 http fetch GET 200 https://registry.npmjs.org/lru-cache/-/lru-cache-5.1.1.tgz 1546ms (cache miss)
1201 http fetch GET 200 https://registry.npmjs.org/@jridgewell/resolve-uri/-/resolve-uri-3.1.2.tgz 1566ms (cache miss)
1202 http fetch GET 200 https://registry.npmjs.org/baseline-browser-mapping/-/baseline-browser-mapping-2.11.21.tgz 1594ms (cache miss)
1203 http fetch GET 200 https://registry.npmjs.org/jsesc/-/jsesc-3.1.0.tgz 1594ms (cache miss)
1204 http fetch GET 200 https://registry.npmjs.org/fast-equals/-/fast-equals-5.4.2.tgz 1617ms (cache miss)
1205 http fetch GET 200 https://registry.npmjs.org/d3-interpolate/-/d3-interpolate-3.0.1.tgz 1657ms (cache miss)
1206 http fetch GET 200 https://registry.npmjs.org/d3-time-format/-/d3-time-format-4.1.0.tgz 1680ms (cache miss)
1207 http fetch GET 200 https://registry.npmjs.org/electron-to-chromium/-/electron-to-chromium-1.5.425.tgz 1637ms (cache miss)
1208 http fetch GET 200 https://registry.npmjs.org/browserslist/-/browserslist-4.28.9.tgz 1637ms (cache miss)
1209 http fetch GET 200 https://registry.npmjs.org/scheduler/-/scheduler-0.23.2.tgz 1731ms (cache miss)
1210 http fetch GET 200 https://registry.npmjs.org/js-tokens/-/js-tokens-4.0.0.tgz 1722ms (cache miss)
1211 http fetch GET 200 https://registry.npmjs.org/@rollup/rollup-win32-x64-msvc/-/rollup-win32-x64-msvc-4.63.1.tgz 1797ms (cache miss)
1212 http fetch GET 200 https://registry.npmjs.org/@babel/helper-validator-option/-/helper-validator-option-7.29.7.tgz 1737ms (cache miss)
1213 http fetch GET 200 https://registry.npmjs.org/recharts-scale/-/recharts-scale-0.4.5.tgz 1769ms (cache miss)
1214 http fetch GET 200 https://registry.npmjs.org/debug/-/debug-4.4.3.tgz 1742ms (cache miss)
1215 http fetch GET 200 https://registry.npmjs.org/@babel/helper-module-imports/-/helper-module-imports-7.29.7.tgz 1754ms (cache miss)
1216 http fetch GET 200 https://registry.npmjs.org/gensync/-/gensync-1.0.0-beta.2.tgz 1764ms (cache miss)
1217 http fetch GET 200 https://registry.npmjs.org/semver/-/semver-6.3.1.tgz 1775ms (cache miss)
1218 http fetch GET 200 https://registry.npmjs.org/@babel/helper-validator-identifier/-/helper-validator-identifier-7.29.7.tgz 1794ms (cache miss)
1219 http fetch GET 200 https://registry.npmjs.org/convert-source-map/-/convert-source-map-2.0.0.tgz 1819ms (cache miss)
1220 http fetch GET 200 https://registry.npmjs.org/@babel/compat-data/-/compat-data-7.29.7.tgz 1829ms (cache miss)
1221 http fetch GET 200 https://registry.npmjs.org/d3-array/-/d3-array-3.2.4.tgz 1916ms (cache miss)
1222 http fetch GET 200 https://registry.npmjs.org/react-smooth/-/react-smooth-4.0.4.tgz 1943ms (cache miss)
1223 http fetch GET 200 https://registry.npmjs.org/rollup/-/rollup-4.63.1.tgz 2034ms (cache miss)
1224 http fetch GET 200 https://registry.npmjs.org/react-transition-group/-/react-transition-group-4.4.5.tgz 1985ms (cache miss)
1225 http fetch GET 200 https://registry.npmjs.org/json5/-/json5-2.2.3.tgz 1990ms (cache miss)
1226 http fetch GET 200 https://registry.npmjs.org/@jridgewell/gen-mapping/-/gen-mapping-0.3.13.tgz 2011ms (cache miss)
1227 http fetch GET 200 https://registry.npmjs.org/d3-shape/-/d3-shape-3.2.0.tgz 2069ms (cache miss)
1228 http fetch GET 200 https://registry.npmjs.org/@babel/template/-/template-7.29.7.tgz 2071ms (cache miss)
1229 http fetch GET 200 https://registry.npmjs.org/@babel/helper-module-transforms/-/helper-module-transforms-7.29.7.tgz 2235ms (cache miss)
1230 http fetch GET 200 https://registry.npmjs.org/@babel/code-frame/-/code-frame-7.29.7.tgz 2322ms (cache miss)
1231 http fetch GET 200 https://registry.npmjs.org/@jridgewell/remapping/-/remapping-2.3.5.tgz 2494ms (cache miss)
1232 http fetch GET 200 https://registry.npmjs.org/react-refresh/-/react-refresh-0.17.0.tgz 2488ms (cache miss)
1233 http fetch GET 200 https://registry.npmjs.org/@rolldown/pluginutils/-/pluginutils-1.0.0-beta.27.tgz 2613ms (cache miss)
1234 http fetch GET 200 https://registry.npmjs.org/@types/babel__core/-/babel__core-7.20.5.tgz 2635ms (cache miss)
1235 http fetch GET 200 https://registry.npmjs.org/@jridgewell/trace-mapping/-/trace-mapping-0.3.31.tgz 2669ms (cache miss)
1236 http fetch GET 200 https://registry.npmjs.org/dom-helpers/-/dom-helpers-5.2.1.tgz 2897ms (cache miss)
1237 http fetch GET 200 https://registry.npmjs.org/@babel/runtime/-/runtime-7.29.7.tgz 2919ms (cache miss)
1238 http fetch GET 200 https://registry.npmjs.org/@babel/generator/-/generator-7.29.8.tgz 3091ms (cache miss)
1239 http fetch GET 200 https://registry.npmjs.org/@types/prop-types/-/prop-types-15.7.15.tgz 3211ms (cache miss)
1240 http fetch GET 200 https://registry.npmjs.org/@babel/helpers/-/helpers-7.29.7.tgz 3227ms (cache miss)
1241 http fetch GET 200 https://registry.npmjs.org/@babel/plugin-transform-react-jsx-self/-/plugin-transform-react-jsx-self-7.29.7.tgz 3364ms (cache miss)
1242 http fetch GET 200 https://registry.npmjs.org/@jridgewell/sourcemap-codec/-/sourcemap-codec-1.6.0.tgz 3462ms (cache miss)
1243 http fetch GET 200 https://registry.npmjs.org/@babel/helper-compilation-targets/-/helper-compilation-targets-7.29.7.tgz 3583ms (cache miss)
1244 http fetch GET 200 https://registry.npmjs.org/react/-/react-18.3.1.tgz 3645ms (cache miss)
1245 http fetch GET 200 https://registry.npmjs.org/@types/react-dom/-/react-dom-18.3.7.tgz 4021ms (cache miss)
1246 http fetch GET 200 https://registry.npmjs.org/csstype/-/csstype-3.2.3.tgz 4033ms (cache miss)
1247 http fetch GET 200 https://registry.npmjs.org/react-is/-/react-is-16.13.1.tgz 4169ms (cache miss)
1248 http fetch GET 200 https://registry.npmjs.org/@types/react/-/react-18.3.31.tgz 4240ms (cache miss)
1249 http fetch GET 200 https://registry.npmjs.org/@babel/traverse/-/traverse-7.29.8.tgz 4365ms (cache miss)
1250 http fetch GET 200 https://registry.npmjs.org/@babel/types/-/types-7.29.8.tgz 4395ms (cache miss)
1251 http fetch GET 200 https://registry.npmjs.org/@babel/parser/-/parser-7.29.8.tgz 4477ms (cache miss)
1252 http fetch GET 200 https://registry.npmjs.org/picocolors/-/picocolors-1.1.1.tgz 4654ms (cache miss)
1253 http fetch GET 200 https://registry.npmjs.org/victory-vendor/-/victory-vendor-36.9.2.tgz 4809ms (cache miss)
1254 http fetch GET 200 https://registry.npmjs.org/@babel/core/-/core-7.29.7.tgz 4807ms (cache miss)
1255 http fetch GET 200 https://registry.npmjs.org/@vitejs/plugin-react/-/plugin-react-4.7.0.tgz 4888ms (cache miss)
1256 http fetch GET 200 https://registry.npmjs.org/lodash/-/lodash-4.18.1.tgz 5080ms (cache miss)
1257 http fetch GET 200 https://registry.npmjs.org/caniuse-lite/-/caniuse-lite-1.0.30001810.tgz 5501ms (cache miss)
1258 http fetch GET 200 https://registry.npmjs.org/@babel/plugin-transform-react-jsx-source/-/plugin-transform-react-jsx-source-7.29.7.tgz 5995ms (cache miss)
1259 http fetch GET 200 https://registry.npmjs.org/recharts/-/recharts-2.15.4.tgz 8884ms (cache miss)
1260 warn deprecated recharts@2.15.4: 1.x and 2.x branches are no longer active. Bump to Recharts v3 to receive latest features and bugfixes. See https://github.com/recharts/recharts/wiki/3.0-migration-guide
1261 http fetch GET 200 https://registry.npmjs.org/react-dom/-/react-dom-18.3.1.tgz 10265ms (cache miss)
1262 http fetch GET 200 https://registry.npmjs.org/lucide-react/-/lucide-react-0.468.0.tgz 14797ms (cache miss)
1263 http fetch GET 200 https://registry.npmjs.org/@esbuild/win32-x64/-/win32-x64-0.25.12.tgz 15123ms (cache miss)
1264 http fetch GET 200 https://registry.npmjs.org/typescript/-/typescript-5.9.3.tgz 15775ms (cache miss)
1265 http fetch GET 200 https://registry.npmjs.org/vite/-/vite-6.4.3.tgz 17758ms (cache miss)
1266 info run esbuild@0.25.12 postinstall node_modules/esbuild node install.js
1267 info run esbuild@0.25.12 postinstall { code: 0, signal: null }
1268 silly ADD node_modules/@types/estree
1269 silly ADD node_modules/@rollup/rollup-win32-x64-msvc
1270 silly ADD node_modules/@rollup/rollup-win32-x64-gnu
1271 silly ADD node_modules/source-map-js
1272 silly ADD node_modules/nanoid
1273 silly ADD node_modules/@esbuild/win32-x64
1274 silly ADD node_modules/tinyglobby
1275 silly ADD node_modules/rollup
1276 silly ADD node_modules/postcss
1277 silly ADD node_modules/picomatch
1278 silly ADD node_modules/fdir
1279 silly ADD node_modules/esbuild
1280 silly ADD node_modules/d3-path
1281 silly ADD node_modules/d3-time-format
1282 silly ADD node_modules/d3-format
1283 silly ADD node_modules/d3-color
1284 silly ADD node_modules/internmap
1285 silly ADD node_modules/@types/d3-path
1286 silly ADD node_modules/@types/d3-color
1287 silly ADD node_modules/d3-timer
1288 silly ADD node_modules/d3-time
1289 silly ADD node_modules/d3-shape
1290 silly ADD node_modules/d3-scale
1291 silly ADD node_modules/d3-interpolate
1292 silly ADD node_modules/d3-ease
1293 silly ADD node_modules/d3-array
1294 silly ADD node_modules/@types/d3-timer
1295 silly ADD node_modules/@types/d3-time
1296 silly ADD node_modules/@types/d3-shape
1297 silly ADD node_modules/@types/d3-scale
1298 silly ADD node_modules/@types/d3-interpolate
1299 silly ADD node_modules/@types/d3-ease
1300 silly ADD node_modules/@types/d3-array
1301 silly ADD node_modules/escalade
1302 silly ADD node_modules/decimal.js-light
1303 silly ADD node_modules/dom-helpers
1304 silly ADD node_modules/@babel/runtime
1305 silly ADD node_modules/object-assign
1306 silly ADD node_modules/react-transition-group
1307 silly ADD node_modules/prop-types
1308 silly ADD node_modules/prop-types/node_modules/react-is
1309 silly ADD node_modules/fast-equals
1310 silly ADD node_modules/victory-vendor
1311 silly ADD node_modules/tiny-invariant
1312 silly ADD node_modules/recharts-scale
1313 silly ADD node_modules/react-smooth
1314 silly ADD node_modules/react-is
1315 silly ADD node_modules/lodash
1316 silly ADD node_modules/eventemitter3
1317 silly ADD node_modules/clsx
1318 silly ADD node_modules/scheduler
1319 silly ADD node_modules/loose-envify
1320 silly ADD node_modules/yallist
1321 silly ADD node_modules/ms
1322 silly ADD node_modules/update-browserslist-db
1323 silly ADD node_modules/node-releases
1324 silly ADD node_modules/electron-to-chromium
1325 silly ADD node_modules/caniuse-lite
1326 silly ADD node_modules/baseline-browser-mapping
1327 silly ADD node_modules/@types/babel__traverse
1328 silly ADD node_modules/@types/babel__template
1329 silly ADD node_modules/@types/babel__generator
1330 silly ADD node_modules/@jridgewell/resolve-uri
1331 silly ADD node_modules/@jridgewell/sourcemap-codec
1332 silly ADD node_modules/@babel/helper-string-parser
1333 silly ADD node_modules/@babel/helper-globals
1334 silly ADD node_modules/@babel/helper-plugin-utils
1335 silly ADD node_modules/@babel/helper-module-imports
1336 silly ADD node_modules/lru-cache
1337 silly ADD node_modules/browserslist
1338 silly ADD node_modules/@babel/helper-validator-option
1339 silly ADD node_modules/@babel/compat-data
1340 silly ADD node_modules/jsesc
1341 silly ADD node_modules/@jridgewell/trace-mapping
1342 silly ADD node_modules/@jridgewell/gen-mapping
1343 silly ADD node_modules/picocolors
1344 silly ADD node_modules/js-tokens
1345 silly ADD node_modules/@babel/helper-validator-identifier
1346 silly ADD node_modules/semver
1347 silly ADD node_modules/json5
1348 silly ADD node_modules/gensync
1349 silly ADD node_modules/debug
1350 silly ADD node_modules/convert-source-map
1351 silly ADD node_modules/@jridgewell/remapping
1352 silly ADD node_modules/@babel/types
1353 silly ADD node_modules/@babel/traverse
1354 silly ADD node_modules/@babel/template
1355 silly ADD node_modules/@babel/parser
1356 silly ADD node_modules/@babel/helpers
1357 silly ADD node_modules/@babel/helper-module-transforms
1358 silly ADD node_modules/@babel/helper-compilation-targets
1359 silly ADD node_modules/@babel/generator
1360 silly ADD node_modules/@babel/code-frame
1361 silly ADD node_modules/react-refresh
1362 silly ADD node_modules/@types/babel__core
1363 silly ADD node_modules/@rolldown/pluginutils
1364 silly ADD node_modules/@babel/plugin-transform-react-jsx-source
1365 silly ADD node_modules/@babel/plugin-transform-react-jsx-self
1366 silly ADD node_modules/@babel/core
1367 silly ADD node_modules/csstype
1368 silly ADD node_modules/@types/prop-types
1369 silly ADD node_modules/typescript
1370 silly ADD node_modules/recharts
1371 silly ADD node_modules/react-dom
1372 silly ADD node_modules/react
1373 silly ADD node_modules/lucide-react
1374 silly ADD node_modules/vite
1375 silly ADD node_modules/@vitejs/plugin-react
1376 silly ADD node_modules/@types/react-dom
1377 silly ADD node_modules/@types/react
1378 verbose cwd C:\Users\nassi\Documents\Codex\2026-09-09\files-pasted-by-the-user-prompt
1379 verbose os Windows_NT 10.0.22621
1380 verbose node v24.14.1
1381 verbose npm  v11.11.0
1382 notice
1382 notice New minor version of npm available! 11.11.0 -> 11.19.1
1382 notice Changelog: https://github.com/npm/cli/releases/tag/v11.19.1
1382 notice To update run: npm install -g npm@11.19.1
1382 notice  { force: true, Symbol(proc-log.meta): true }
1383 verbose exit 0
1384 info ok
