0 verbose cli C:\Program Files\nodejs\node.exe C:\Program Files\nodejs\node_modules\npm\bin\npm-cli.js
1 info using npm@11.11.0
2 info using node@v24.14.1
3 silly config load:file:C:\Program Files\nodejs\node_modules\npm\npmrc
4 silly config load:file:C:\Users\nassi\Documents\Codex\2026-09-09\files-pasted-by-the-user-prompt\.npmrc
5 silly config load:file:C:\Users\nassi\.npmrc
6 silly config load:file:C:\Users\nassi\AppData\Roaming\npm\etc\npmrc
7 verbose title npm install
8 verbose argv "install" "--cache" ".npm-cache"
9 verbose logfile logs-max:10 dir:C:\Users\nassi\Documents\Codex\2026-09-09\files-pasted-by-the-user-prompt\.npm-cache\_logs\2026-09-09T18_58_18_597Z-
10 verbose logfile C:\Users\nassi\Documents\Codex\2026-09-09\files-pasted-by-the-user-prompt\.npm-cache\_logs\2026-09-09T18_58_18_597Z-debug-0.log
11 silly logfile done cleaning log files
12 silly packumentCache heap:4496293888 maxSize:1124073472 maxEntrySize:562036736
13 verbose shrinkwrap failed to load node_modules/.package-lock.json out of date, updated: node_modules
14 silly idealTree buildDeps
15 silly fetch manifest cors@^2.8.5
16 silly packumentCache full:https://registry.npmjs.org/cors cache-miss
17 http fetch GET 200 https://registry.npmjs.org/cors 858ms (cache miss)
18 silly packumentCache full:https://registry.npmjs.org/cors set size:undefined disposed:false
19 silly fetch manifest express@^4.21.2
20 silly packumentCache full:https://registry.npmjs.org/express cache-miss
21 http fetch GET 200 https://registry.npmjs.org/express 385ms (cache miss)
22 silly packumentCache full:https://registry.npmjs.org/express set size:undefined disposed:false
23 silly fetch manifest socket.io@^4.8.1
24 silly packumentCache full:https://registry.npmjs.org/socket.io cache-miss
25 http fetch GET 200 https://registry.npmjs.org/socket.io 235ms (cache miss)
26 silly packumentCache full:https://registry.npmjs.org/socket.io set size:undefined disposed:false
27 silly fetch manifest @types/cors@^2.8.17
28 silly packumentCache full:https://registry.npmjs.org/@types%2fcors cache-miss
29 http fetch GET 200 https://registry.npmjs.org/@types%2fcors 223ms (cache miss)
30 silly packumentCache full:https://registry.npmjs.org/@types%2fcors set size:undefined disposed:false
31 silly fetch manifest @types/express@^5.0.0
32 silly packumentCache full:https://registry.npmjs.org/@types%2fexpress cache-miss
33 http fetch GET 200 https://registry.npmjs.org/@types%2fexpress 226ms (cache miss)
34 silly packumentCache full:https://registry.npmjs.org/@types%2fexpress set size:undefined disposed:false
35 silly fetch manifest tsx@^4.19.2
36 silly packumentCache full:https://registry.npmjs.org/tsx cache-miss
37 http fetch GET 200 https://registry.npmjs.org/tsx 83ms (cache revalidated)
38 silly packumentCache full:https://registry.npmjs.org/tsx set size:344351 disposed:false
39 silly placeDep ROOT @types/cors@2.8.19 OK for: cityos-smart-energy-command-center@0.1.0 want: ^2.8.17
40 silly placeDep ROOT @types/express@5.0.6 OK for: cityos-smart-energy-command-center@0.1.0 want: ^5.0.0
41 silly placeDep ROOT cors@2.8.6 OK for: cityos-smart-energy-command-center@0.1.0 want: ^2.8.5
42 silly placeDep ROOT express@4.22.2 OK for: cityos-smart-energy-command-center@0.1.0 want: ^4.21.2
43 silly placeDep ROOT socket.io@4.8.3 OK for: cityos-smart-energy-command-center@0.1.0 want: ^4.8.1
44 silly placeDep ROOT tsx@4.23.13 OK for: cityos-smart-energy-command-center@0.1.0 want: ^4.19.2
45 silly fetch manifest @types/body-parser@*
46 silly packumentCache full:https://registry.npmjs.org/@types%2fbody-parser cache-miss
47 silly fetch manifest @types/serve-static@^2
48 silly packumentCache full:https://registry.npmjs.org/@types%2fserve-static cache-miss
49 silly fetch manifest @types/express-serve-static-core@^5.0.0
50 silly packumentCache full:https://registry.npmjs.org/@types%2fexpress-serve-static-core cache-miss
51 silly fetch manifest vary@^1
52 silly packumentCache full:https://registry.npmjs.org/vary cache-miss
53 silly fetch manifest qs@~6.15.1
54 silly packumentCache full:https://registry.npmjs.org/qs cache-miss
55 silly fetch manifest depd@2.0.0
56 silly packumentCache full:https://registry.npmjs.org/depd cache-miss
57 silly fetch manifest etag@~1.8.1
58 silly packumentCache full:https://registry.npmjs.org/etag cache-miss
59 http fetch GET 200 https://registry.npmjs.org/@types%2fbody-parser 83ms (cache miss)
60 silly packumentCache full:https://registry.npmjs.org/@types%2fbody-parser set size:undefined disposed:false
61 silly fetch manifest send@~0.19.0
62 silly packumentCache full:https://registry.npmjs.org/send cache-miss
63 http fetch GET 200 https://registry.npmjs.org/send 83ms (cache miss)
64 silly packumentCache full:https://registry.npmjs.org/send set size:undefined disposed:false
65 silly fetch manifest vary@~1.1.2
66 silly packumentCache full:https://registry.npmjs.org/vary cache-miss
67 http fetch GET 200 https://registry.npmjs.org/vary 238ms (cache miss)
68 silly packumentCache full:https://registry.npmjs.org/vary set size:undefined disposed:false
69 silly fetch manifest debug@2.6.9
70 silly packumentCache full:https://registry.npmjs.org/debug cache-miss
71 http fetch GET 200 https://registry.npmjs.org/depd 260ms (cache miss)
72 silly packumentCache full:https://registry.npmjs.org/depd set size:undefined disposed:false
73 silly fetch manifest fresh@~0.5.2
74 silly packumentCache full:https://registry.npmjs.org/fresh cache-miss
75 http fetch GET 200 https://registry.npmjs.org/@types%2fserve-static 270ms (cache miss)
76 silly packumentCache full:https://registry.npmjs.org/@types%2fserve-static set size:undefined disposed:false
77 silly fetch manifest cookie@~0.7.1
78 silly packumentCache full:https://registry.npmjs.org/cookie cache-miss
79 http fetch GET 200 https://registry.npmjs.org/etag 271ms (cache miss)
80 silly packumentCache full:https://registry.npmjs.org/etag set size:undefined disposed:false
81 silly fetch manifest accepts@~1.3.8
82 silly packumentCache full:https://registry.npmjs.org/accepts cache-miss
83 http fetch GET 200 https://registry.npmjs.org/vary 133ms (cache miss)
84 silly packumentCache full:https://registry.npmjs.org/vary set size:undefined disposed:false
85 silly fetch manifest methods@~1.1.2
86 silly packumentCache full:https://registry.npmjs.org/methods cache-miss
87 http fetch GET 200 https://registry.npmjs.org/@types%2fexpress-serve-static-core 325ms (cache miss)
88 silly packumentCache full:https://registry.npmjs.org/@types%2fexpress-serve-static-core set size:undefined disposed:false
89 silly fetch manifest type-is@~1.6.18
90 silly packumentCache full:https://registry.npmjs.org/type-is cache-miss
91 http fetch GET 200 https://registry.npmjs.org/debug 136ms (cache revalidated)
92 silly packumentCache full:https://registry.npmjs.org/debug set size:195840 disposed:false
93 silly fetch manifest parseurl@~1.3.3
94 silly packumentCache full:https://registry.npmjs.org/parseurl cache-miss
95 http fetch GET 200 https://registry.npmjs.org/qs 388ms (cache miss)
96 silly packumentCache full:https://registry.npmjs.org/qs set size:undefined disposed:false
97 silly fetch manifest statuses@~2.0.1
98 silly packumentCache full:https://registry.npmjs.org/statuses cache-miss
99 http fetch GET 200 https://registry.npmjs.org/fresh 132ms (cache miss)
100 silly packumentCache full:https://registry.npmjs.org/fresh set size:undefined disposed:false
101 silly fetch manifest encodeurl@~2.0.0
102 silly packumentCache full:https://registry.npmjs.org/encodeurl cache-miss
103 http fetch GET 200 https://registry.npmjs.org/accepts 133ms (cache miss)
104 silly packumentCache full:https://registry.npmjs.org/accepts set size:undefined disposed:false
105 silly fetch manifest proxy-addr@~2.0.7
106 silly packumentCache full:https://registry.npmjs.org/proxy-addr cache-miss
107 http fetch GET 200 https://registry.npmjs.org/cookie 151ms (cache miss)
108 silly packumentCache full:https://registry.npmjs.org/cookie set size:undefined disposed:false
109 silly fetch manifest body-parser@~1.20.5
110 silly packumentCache full:https://registry.npmjs.org/body-parser cache-miss
111 http fetch GET 200 https://registry.npmjs.org/methods 120ms (cache miss)
112 silly packumentCache full:https://registry.npmjs.org/methods set size:undefined disposed:false
113 silly fetch manifest escape-html@~1.0.3
114 silly packumentCache full:https://registry.npmjs.org/escape-html cache-miss
115 http fetch GET 200 https://registry.npmjs.org/type-is 111ms (cache miss)
116 silly packumentCache full:https://registry.npmjs.org/type-is set size:undefined disposed:false
117 silly fetch manifest http-errors@~2.0.0
118 silly packumentCache full:https://registry.npmjs.org/http-errors cache-miss
119 http fetch GET 200 https://registry.npmjs.org/parseurl 95ms (cache miss)
120 silly packumentCache full:https://registry.npmjs.org/parseurl set size:undefined disposed:false
121 silly fetch manifest on-finished@~2.4.1
122 silly packumentCache full:https://registry.npmjs.org/on-finished cache-miss
123 http fetch GET 200 https://registry.npmjs.org/encodeurl 82ms (cache miss)
124 silly packumentCache full:https://registry.npmjs.org/encodeurl set size:undefined disposed:false
125 silly fetch manifest safe-buffer@5.2.1
126 silly packumentCache full:https://registry.npmjs.org/safe-buffer cache-miss
127 http fetch GET 200 https://registry.npmjs.org/statuses 100ms (cache miss)
128 silly packumentCache full:https://registry.npmjs.org/statuses set size:undefined disposed:false
129 silly fetch manifest utils-merge@1.0.1
130 silly packumentCache full:https://registry.npmjs.org/utils-merge cache-miss
131 http fetch GET 200 https://registry.npmjs.org/proxy-addr 94ms (cache miss)
132 silly packumentCache full:https://registry.npmjs.org/proxy-addr set size:undefined disposed:false
133 silly fetch manifest content-type@~1.0.4
134 silly packumentCache full:https://registry.npmjs.org/content-type cache-miss
135 http fetch GET 200 https://registry.npmjs.org/escape-html 83ms (cache miss)
136 silly packumentCache full:https://registry.npmjs.org/escape-html set size:undefined disposed:false
137 silly fetch manifest finalhandler@~1.3.1
138 silly packumentCache full:https://registry.npmjs.org/finalhandler cache-miss
139 http fetch GET 200 https://registry.npmjs.org/body-parser 101ms (cache miss)
140 silly packumentCache full:https://registry.npmjs.org/body-parser set size:undefined disposed:false
141 silly fetch manifest range-parser@~1.2.1
142 silly packumentCache full:https://registry.npmjs.org/range-parser cache-miss
143 http fetch GET 200 https://registry.npmjs.org/http-errors 95ms (cache miss)
144 silly packumentCache full:https://registry.npmjs.org/http-errors set size:undefined disposed:false
145 silly fetch manifest serve-static@~1.16.2
146 silly packumentCache full:https://registry.npmjs.org/serve-static cache-miss
147 http fetch GET 200 https://registry.npmjs.org/on-finished 87ms (cache miss)
148 silly packumentCache full:https://registry.npmjs.org/on-finished set size:undefined disposed:false
149 silly fetch manifest array-flatten@1.1.1
150 silly packumentCache full:https://registry.npmjs.org/array-flatten cache-miss
151 http fetch GET 200 https://registry.npmjs.org/safe-buffer 84ms (cache miss)
152 silly packumentCache full:https://registry.npmjs.org/safe-buffer set size:undefined disposed:false
153 silly fetch manifest path-to-regexp@~0.1.12
154 silly packumentCache full:https://registry.npmjs.org/path-to-regexp cache-miss
155 http fetch GET 200 https://registry.npmjs.org/utils-merge 81ms (cache miss)
156 silly packumentCache full:https://registry.npmjs.org/utils-merge set size:undefined disposed:false
157 silly fetch manifest setprototypeof@1.2.0
158 silly packumentCache full:https://registry.npmjs.org/setprototypeof cache-miss
159 http fetch GET 200 https://registry.npmjs.org/content-type 81ms (cache miss)
160 silly packumentCache full:https://registry.npmjs.org/content-type set size:undefined disposed:false
161 silly fetch manifest cookie-signature@~1.0.6
162 silly packumentCache full:https://registry.npmjs.org/cookie-signature cache-miss
163 http fetch GET 200 https://registry.npmjs.org/finalhandler 93ms (cache miss)
164 silly packumentCache full:https://registry.npmjs.org/finalhandler set size:undefined disposed:false
165 silly fetch manifest merge-descriptors@1.0.3
166 silly packumentCache full:https://registry.npmjs.org/merge-descriptors cache-miss
167 http fetch GET 200 https://registry.npmjs.org/range-parser 84ms (cache miss)
168 silly packumentCache full:https://registry.npmjs.org/range-parser set size:undefined disposed:false
169 silly fetch manifest content-disposition@~0.5.4
170 silly packumentCache full:https://registry.npmjs.org/content-disposition cache-miss
171 http fetch GET 200 https://registry.npmjs.org/serve-static 90ms (cache miss)
172 silly packumentCache full:https://registry.npmjs.org/serve-static set size:undefined disposed:false
173 silly fetch manifest accepts@~1.3.4
174 silly packumentCache full:https://registry.npmjs.org/accepts cache-miss
175 http cache https://registry.npmjs.org/accepts 10ms (cache hit)
176 silly packumentCache full:https://registry.npmjs.org/accepts set size:77054 disposed:false
177 silly fetch manifest base64id@~2.0.0
178 silly packumentCache full:https://registry.npmjs.org/base64id cache-miss
179 http fetch GET 200 https://registry.npmjs.org/array-flatten 94ms (cache miss)
180 silly packumentCache full:https://registry.npmjs.org/array-flatten set size:undefined disposed:false
181 silly fetch manifest engine.io@~6.6.0
182 silly packumentCache full:https://registry.npmjs.org/engine.io cache-miss
183 http fetch GET 200 https://registry.npmjs.org/setprototypeof 94ms (cache miss)
184 silly packumentCache full:https://registry.npmjs.org/setprototypeof set size:undefined disposed:false
185 silly fetch manifest socket.io-adapter@~2.5.2
186 silly packumentCache full:https://registry.npmjs.org/socket.io-adapter cache-miss
187 http fetch GET 200 https://registry.npmjs.org/path-to-regexp 113ms (cache miss)
188 silly packumentCache full:https://registry.npmjs.org/path-to-regexp set size:undefined disposed:false
189 silly fetch manifest socket.io-parser@~4.2.4
190 silly packumentCache full:https://registry.npmjs.org/socket.io-parser cache-miss
191 http fetch GET 200 https://registry.npmjs.org/cookie-signature 106ms (cache miss)
192 silly packumentCache full:https://registry.npmjs.org/cookie-signature set size:undefined disposed:false
193 silly fetch manifest esbuild@~0.28.0
194 silly packumentCache full:https://registry.npmjs.org/esbuild cache-miss
195 http fetch GET 200 https://registry.npmjs.org/merge-descriptors 100ms (cache miss)
196 silly packumentCache full:https://registry.npmjs.org/merge-descriptors set size:undefined disposed:false
197 http fetch GET 200 https://registry.npmjs.org/content-disposition 107ms (cache miss)
198 silly packumentCache full:https://registry.npmjs.org/content-disposition set size:undefined disposed:false
199 http fetch GET 200 https://registry.npmjs.org/base64id 87ms (cache miss)
200 silly packumentCache full:https://registry.npmjs.org/base64id set size:undefined disposed:false
201 http fetch GET 200 https://registry.npmjs.org/socket.io-adapter 102ms (cache miss)
202 silly packumentCache full:https://registry.npmjs.org/socket.io-adapter set size:undefined disposed:false
203 http fetch GET 200 https://registry.npmjs.org/engine.io 120ms (cache miss)
204 silly packumentCache full:https://registry.npmjs.org/engine.io set size:undefined disposed:false
205 http fetch GET 200 https://registry.npmjs.org/esbuild 121ms (cache revalidated)
206 silly packumentCache full:https://registry.npmjs.org/esbuild set size:1264676 disposed:false
207 http fetch GET 200 https://registry.npmjs.org/socket.io-parser 149ms (cache miss)
208 silly packumentCache full:https://registry.npmjs.org/socket.io-parser set size:undefined disposed:false
209 silly placeDep ROOT @types/body-parser@1.19.6 OK for: @types/express@5.0.6 want: *
210 silly placeDep ROOT @types/express-serve-static-core@5.1.3 OK for: @types/express@5.0.6 want: ^5.0.0
211 silly placeDep ROOT @types/serve-static@2.2.0 OK for: @types/express@5.0.6 want: ^2
212 silly fetch manifest @types/connect@*
213 silly packumentCache full:https://registry.npmjs.org/@types%2fconnect cache-miss
214 silly fetch manifest @types/qs@*
215 silly packumentCache full:https://registry.npmjs.org/@types%2fqs cache-miss
216 silly fetch manifest @types/send@*
217 silly packumentCache full:https://registry.npmjs.org/@types%2fsend cache-miss
218 silly fetch manifest @types/range-parser@*
219 silly packumentCache full:https://registry.npmjs.org/@types%2frange-parser cache-miss
220 silly fetch manifest @types/http-errors@*
221 silly packumentCache full:https://registry.npmjs.org/@types%2fhttp-errors cache-miss
222 http fetch GET 200 https://registry.npmjs.org/@types%2fconnect 99ms (cache miss)
223 silly packumentCache full:https://registry.npmjs.org/@types%2fconnect set size:undefined disposed:false
224 http fetch GET 200 https://registry.npmjs.org/@types%2fsend 96ms (cache miss)
225 silly packumentCache full:https://registry.npmjs.org/@types%2fsend set size:undefined disposed:false
226 http fetch GET 200 https://registry.npmjs.org/@types%2fqs 117ms (cache miss)
227 silly packumentCache full:https://registry.npmjs.org/@types%2fqs set size:undefined disposed:false
228 http fetch GET 200 https://registry.npmjs.org/@types%2fhttp-errors 115ms (cache miss)
229 silly packumentCache full:https://registry.npmjs.org/@types%2fhttp-errors set size:undefined disposed:false
230 http fetch GET 200 https://registry.npmjs.org/@types%2frange-parser 119ms (cache miss)
231 silly packumentCache full:https://registry.npmjs.org/@types%2frange-parser set size:undefined disposed:false
232 silly placeDep ROOT @types/connect@3.4.38 OK for: @types/body-parser@1.19.6 want: *
233 silly placeDep ROOT @types/qs@6.15.1 OK for: @types/express-serve-static-core@5.1.3 want: *
234 silly placeDep ROOT @types/range-parser@1.2.7 OK for: @types/express-serve-static-core@5.1.3 want: *
235 silly placeDep ROOT @types/send@1.2.1 OK for: @types/express-serve-static-core@5.1.3 want: *
236 silly placeDep ROOT @types/http-errors@2.0.5 OK for: @types/serve-static@2.2.0 want: *
237 silly placeDep ROOT vary@1.1.2 OK for: cors@2.8.6 want: ^1
238 silly placeDep ROOT accepts@1.3.8 OK for: express@4.22.2 want: ~1.3.8
239 silly placeDep ROOT array-flatten@1.1.1 OK for: express@4.22.2 want: 1.1.1
240 silly placeDep ROOT body-parser@1.20.8 OK for: express@4.22.2 want: ~1.20.5
241 silly placeDep ROOT content-disposition@0.5.4 OK for: express@4.22.2 want: ~0.5.4
242 silly placeDep ROOT content-type@1.0.5 OK for: express@4.22.2 want: ~1.0.4
243 silly placeDep ROOT cookie@0.7.2 OK for: express@4.22.2 want: ~0.7.1
244 silly placeDep ROOT cookie-signature@1.0.7 OK for: express@4.22.2 want: ~1.0.6
245 silly placeDep node_modules/express debug@2.6.9 OK for: express@4.22.2 want: 2.6.9
246 silly placeDep ROOT depd@2.0.0 OK for: express@4.22.2 want: 2.0.0
247 silly placeDep ROOT encodeurl@2.0.0 OK for: express@4.22.2 want: ~2.0.0
248 silly placeDep ROOT escape-html@1.0.3 OK for: express@4.22.2 want: ~1.0.3
249 silly placeDep ROOT etag@1.8.1 OK for: express@4.22.2 want: ~1.8.1
250 silly placeDep ROOT finalhandler@1.3.2 OK for: express@4.22.2 want: ~1.3.1
251 silly placeDep ROOT fresh@0.5.2 OK for: express@4.22.2 want: ~0.5.2
252 silly placeDep ROOT http-errors@2.0.1 OK for: express@4.22.2 want: ~2.0.0
253 silly placeDep ROOT merge-descriptors@1.0.3 OK for: express@4.22.2 want: 1.0.3
254 silly placeDep ROOT methods@1.1.2 OK for: express@4.22.2 want: ~1.1.2
255 silly placeDep ROOT on-finished@2.4.1 OK for: express@4.22.2 want: ~2.4.1
256 silly placeDep ROOT parseurl@1.3.3 OK for: express@4.22.2 want: ~1.3.3
257 silly placeDep ROOT path-to-regexp@0.1.13 OK for: express@4.22.2 want: ~0.1.12
258 silly placeDep ROOT proxy-addr@2.0.7 OK for: express@4.22.2 want: ~2.0.7
259 silly placeDep ROOT qs@6.15.3 OK for: express@4.22.2 want: ~6.15.1
260 silly placeDep ROOT range-parser@1.2.1 OK for: express@4.22.2 want: ~1.2.1
261 silly placeDep ROOT safe-buffer@5.2.1 OK for: express@4.22.2 want: 5.2.1
262 silly placeDep ROOT send@0.19.2 OK for: express@4.22.2 want: ~0.19.0
263 silly placeDep ROOT serve-static@1.16.3 OK for: express@4.22.2 want: ~1.16.2
264 silly placeDep ROOT setprototypeof@1.2.0 OK for: express@4.22.2 want: 1.2.0
265 silly placeDep ROOT statuses@2.0.2 OK for: express@4.22.2 want: ~2.0.1
266 silly placeDep ROOT type-is@1.6.18 OK for: express@4.22.2 want: ~1.6.18
267 silly placeDep ROOT utils-merge@1.0.1 OK for: express@4.22.2 want: 1.0.1
268 silly fetch manifest mime-types@~2.1.34
269 silly packumentCache full:https://registry.npmjs.org/mime-types cache-miss
270 silly fetch manifest negotiator@0.6.3
271 silly packumentCache full:https://registry.npmjs.org/negotiator cache-miss
272 silly fetch manifest qs@~6.16.0
273 silly packumentCache full:https://registry.npmjs.org/qs cache-miss
274 silly fetch manifest bytes@~3.1.2
275 silly packumentCache full:https://registry.npmjs.org/bytes cache-miss
276 silly fetch manifest unpipe@~1.0.0
277 silly packumentCache full:https://registry.npmjs.org/unpipe cache-miss
278 silly fetch manifest destroy@~1.2.0
279 silly packumentCache full:https://registry.npmjs.org/destroy cache-miss
280 silly fetch manifest raw-body@~2.5.3
281 silly packumentCache full:https://registry.npmjs.org/raw-body cache-miss
282 http cache https://registry.npmjs.org/qs 21ms (cache hit)
283 silly packumentCache full:https://registry.npmjs.org/qs set size:365613 disposed:false
284 silly fetch manifest iconv-lite@~0.4.24
285 silly packumentCache full:https://registry.npmjs.org/iconv-lite cache-miss
286 http fetch GET 200 https://registry.npmjs.org/unpipe 93ms (cache miss)
287 silly packumentCache full:https://registry.npmjs.org/unpipe set size:undefined disposed:false
288 silly fetch manifest http-errors@~2.0.1
289 silly packumentCache full:https://registry.npmjs.org/http-errors cache-miss
290 http fetch GET 200 https://registry.npmjs.org/negotiator 100ms (cache miss)
291 silly packumentCache full:https://registry.npmjs.org/negotiator set size:undefined disposed:false
292 silly fetch manifest content-type@~1.0.5
293 silly packumentCache full:https://registry.npmjs.org/content-type cache-miss
294 http fetch GET 200 https://registry.npmjs.org/destroy 110ms (cache miss)
295 silly packumentCache full:https://registry.npmjs.org/destroy set size:undefined disposed:false
296 silly fetch manifest ms@2.0.0
297 silly packumentCache full:https://registry.npmjs.org/ms cache-miss
298 http cache https://registry.npmjs.org/content-type 28ms (cache hit)
299 silly packumentCache full:https://registry.npmjs.org/content-type set size:23936 disposed:false
300 silly fetch manifest statuses@~2.0.2
301 silly packumentCache full:https://registry.npmjs.org/statuses cache-miss
302 http fetch GET 200 https://registry.npmjs.org/bytes 139ms (cache miss)
303 silly packumentCache full:https://registry.npmjs.org/bytes set size:undefined disposed:false
304 silly fetch manifest inherits@~2.0.4
305 silly packumentCache full:https://registry.npmjs.org/inherits cache-miss
306 http cache https://registry.npmjs.org/http-errors 48ms (cache hit)
307 silly packumentCache full:https://registry.npmjs.org/http-errors set size:71987 disposed:false
308 silly fetch manifest setprototypeof@~1.2.0
309 silly packumentCache full:https://registry.npmjs.org/setprototypeof cache-miss
310 http fetch GET 200 https://registry.npmjs.org/raw-body 147ms (cache miss)
311 silly packumentCache full:https://registry.npmjs.org/raw-body set size:undefined disposed:false
312 silly fetch manifest statuses@~2.0.2
313 silly packumentCache full:https://registry.npmjs.org/statuses cache-miss
314 http fetch GET 200 https://registry.npmjs.org/mime-types 178ms (cache miss)
315 silly packumentCache full:https://registry.npmjs.org/mime-types set size:undefined disposed:false
316 silly fetch manifest toidentifier@~1.0.1
317 silly packumentCache full:https://registry.npmjs.org/toidentifier cache-miss
318 http cache https://registry.npmjs.org/statuses 68ms (cache hit)
319 silly packumentCache full:https://registry.npmjs.org/statuses set size:37117 disposed:false
320 silly fetch manifest ee-first@1.1.1
321 silly packumentCache full:https://registry.npmjs.org/ee-first cache-miss
322 http cache https://registry.npmjs.org/setprototypeof 64ms (cache hit)
323 silly packumentCache full:https://registry.npmjs.org/setprototypeof set size:14532 disposed:false
324 silly fetch manifest forwarded@0.2.0
325 silly packumentCache full:https://registry.npmjs.org/forwarded cache-miss
326 http cache https://registry.npmjs.org/statuses 69ms (cache hit)
327 silly packumentCache full:https://registry.npmjs.org/statuses set size:37117 disposed:false
328 silly packumentCache full:https://registry.npmjs.org/statuses dispose
329 silly fetch manifest ipaddr.js@1.9.1
330 silly packumentCache full:https://registry.npmjs.org/ipaddr.js cache-miss
331 http fetch GET 200 https://registry.npmjs.org/iconv-lite 225ms (cache miss)
332 silly packumentCache full:https://registry.npmjs.org/iconv-lite set size:undefined disposed:false
333 silly fetch manifest side-channel@^1.1.1
334 silly packumentCache full:https://registry.npmjs.org/side-channel cache-miss
335 http fetch GET 200 https://registry.npmjs.org/inherits 133ms (cache miss)
336 silly packumentCache full:https://registry.npmjs.org/inherits set size:undefined disposed:false
337 silly fetch manifest es-define-property@^1.0.1
338 silly packumentCache full:https://registry.npmjs.org/es-define-property cache-miss
339 http fetch GET 200 https://registry.npmjs.org/ms 163ms (cache revalidated)
340 silly packumentCache full:https://registry.npmjs.org/ms set size:92208 disposed:false
341 silly fetch manifest mime@1.6.0
342 silly packumentCache full:https://registry.npmjs.org/mime cache-miss
343 http fetch GET 200 https://registry.npmjs.org/toidentifier 114ms (cache miss)
344 silly packumentCache full:https://registry.npmjs.org/toidentifier set size:undefined disposed:false
345 silly fetch manifest destroy@1.2.0
346 silly packumentCache full:https://registry.npmjs.org/destroy cache-miss
347 http fetch GET 200 https://registry.npmjs.org/ee-first 99ms (cache miss)
348 silly packumentCache full:https://registry.npmjs.org/ee-first set size:undefined disposed:false
349 silly fetch manifest mime-types@~2.1.24
350 silly packumentCache full:https://registry.npmjs.org/mime-types cache-miss
351 http cache https://registry.npmjs.org/destroy 10ms (cache hit)
352 silly packumentCache full:https://registry.npmjs.org/destroy set size:15738 disposed:false
353 silly fetch manifest media-typer@0.3.0
354 silly packumentCache full:https://registry.npmjs.org/media-typer cache-miss
355 http cache https://registry.npmjs.org/mime-types 15ms (cache hit)
356 silly packumentCache full:https://registry.npmjs.org/mime-types set size:139110 disposed:false
357 http fetch GET 200 https://registry.npmjs.org/forwarded 114ms (cache miss)
358 silly packumentCache full:https://registry.npmjs.org/forwarded set size:undefined disposed:false
359 http fetch GET 200 https://registry.npmjs.org/ipaddr.js 110ms (cache miss)
360 silly packumentCache full:https://registry.npmjs.org/ipaddr.js set size:undefined disposed:false
361 http fetch GET 200 https://registry.npmjs.org/side-channel 114ms (cache miss)
362 silly packumentCache full:https://registry.npmjs.org/side-channel set size:undefined disposed:false
363 http fetch GET 200 https://registry.npmjs.org/es-define-property 115ms (cache miss)
364 silly packumentCache full:https://registry.npmjs.org/es-define-property set size:undefined disposed:false
365 http fetch GET 200 https://registry.npmjs.org/mime 123ms (cache miss)
366 silly packumentCache full:https://registry.npmjs.org/mime set size:undefined disposed:false
367 http fetch GET 200 https://registry.npmjs.org/media-typer 148ms (cache miss)
368 silly packumentCache full:https://registry.npmjs.org/media-typer set size:undefined disposed:false
369 silly placeDep ROOT mime-types@2.1.35 OK for: accepts@1.3.8 want: ~2.1.34
370 silly placeDep ROOT negotiator@0.6.3 OK for: accepts@1.3.8 want: 0.6.3
371 silly fetch manifest mime-db@1.52.0
372 silly packumentCache full:https://registry.npmjs.org/mime-db cache-miss
373 http fetch GET 200 https://registry.npmjs.org/mime-db 111ms (cache miss)
374 silly packumentCache full:https://registry.npmjs.org/mime-db set size:undefined disposed:false
375 silly placeDep ROOT bytes@3.1.2 OK for: body-parser@1.20.8 want: ~3.1.2
376 silly placeDep node_modules/body-parser debug@2.6.9 OK for: body-parser@1.20.8 want: 2.6.9
377 silly placeDep ROOT destroy@1.2.0 OK for: body-parser@1.20.8 want: ~1.2.0
378 silly placeDep ROOT iconv-lite@0.4.24 OK for: body-parser@1.20.8 want: ~0.4.24
379 silly placeDep node_modules/body-parser qs@6.16.0 OK for: body-parser@1.20.8 want: ~6.16.0
380 silly placeDep ROOT raw-body@2.5.3 OK for: body-parser@1.20.8 want: ~2.5.3
381 silly placeDep ROOT unpipe@1.0.0 OK for: body-parser@1.20.8 want: ~1.0.0
382 silly fetch manifest safer-buffer@>= 2.1.2 < 3
383 silly packumentCache full:https://registry.npmjs.org/safer-buffer cache-miss
384 http fetch GET 200 https://registry.npmjs.org/safer-buffer 91ms (cache miss)
385 silly packumentCache full:https://registry.npmjs.org/safer-buffer set size:undefined disposed:false
386 silly placeDep node_modules/finalhandler debug@2.6.9 OK for: finalhandler@1.3.2 want: 2.6.9
387 silly placeDep ROOT inherits@2.0.4 OK for: http-errors@2.0.1 want: ~2.0.4
388 silly placeDep ROOT toidentifier@1.0.1 OK for: http-errors@2.0.1 want: ~1.0.1
389 silly placeDep ROOT safer-buffer@2.1.2 OK for: iconv-lite@0.4.24 want: >= 2.1.2 < 3
390 silly placeDep ROOT mime-db@1.52.0 OK for: mime-types@2.1.35 want: 1.52.0
391 silly placeDep ROOT ee-first@1.1.1 OK for: on-finished@2.4.1 want: 1.1.1
392 silly placeDep ROOT forwarded@0.2.0 OK for: proxy-addr@2.0.7 want: 0.2.0
393 silly placeDep ROOT ipaddr.js@1.9.1 OK for: proxy-addr@2.0.7 want: 1.9.1
394 silly placeDep ROOT es-define-property@1.0.1 OK for: qs@6.15.3 want: ^1.0.1
395 silly placeDep ROOT side-channel@1.1.1 OK for: qs@6.15.3 want: ^1.1.1
396 silly fetch manifest es-errors@^1.3.0
397 silly packumentCache full:https://registry.npmjs.org/es-errors cache-miss
398 silly fetch manifest object-inspect@^1.13.4
399 silly packumentCache full:https://registry.npmjs.org/object-inspect cache-miss
400 silly fetch manifest side-channel-list@^1.0.1
401 silly packumentCache full:https://registry.npmjs.org/side-channel-list cache-miss
402 silly fetch manifest side-channel-map@^1.0.1
403 silly packumentCache full:https://registry.npmjs.org/side-channel-map cache-miss
404 silly fetch manifest side-channel-weakmap@^1.0.2
405 silly packumentCache full:https://registry.npmjs.org/side-channel-weakmap cache-miss
406 http fetch GET 200 https://registry.npmjs.org/side-channel-list 94ms (cache miss)
407 silly packumentCache full:https://registry.npmjs.org/side-channel-list set size:undefined disposed:false
408 http fetch GET 200 https://registry.npmjs.org/es-errors 98ms (cache miss)
409 silly packumentCache full:https://registry.npmjs.org/es-errors set size:undefined disposed:false
410 http fetch GET 200 https://registry.npmjs.org/side-channel-weakmap 100ms (cache miss)
411 silly packumentCache full:https://registry.npmjs.org/side-channel-weakmap set size:undefined disposed:false
412 http fetch GET 200 https://registry.npmjs.org/side-channel-map 107ms (cache miss)
413 silly packumentCache full:https://registry.npmjs.org/side-channel-map set size:undefined disposed:false
414 http fetch GET 200 https://registry.npmjs.org/object-inspect 116ms (cache miss)
415 silly packumentCache full:https://registry.npmjs.org/object-inspect set size:undefined disposed:false
416 silly placeDep node_modules/send debug@2.6.9 OK for: send@0.19.2 want: 2.6.9
417 silly placeDep ROOT mime@1.6.0 OK for: send@0.19.2 want: 1.6.0
418 silly placeDep ROOT es-errors@1.3.0 OK for: side-channel@1.1.1 want: ^1.3.0
419 silly placeDep ROOT object-inspect@1.13.4 OK for: side-channel@1.1.1 want: ^1.13.4
420 silly placeDep ROOT side-channel-list@1.0.1 OK for: side-channel@1.1.1 want: ^1.0.1
421 silly placeDep ROOT side-channel-map@1.0.1 OK for: side-channel@1.1.1 want: ^1.0.1
422 silly placeDep ROOT side-channel-weakmap@1.0.2 OK for: side-channel@1.1.1 want: ^1.0.2
423 silly fetch manifest call-bound@^1.0.2
424 silly packumentCache full:https://registry.npmjs.org/call-bound cache-miss
425 silly fetch manifest get-intrinsic@^1.2.5
426 silly packumentCache full:https://registry.npmjs.org/get-intrinsic cache-miss
427 silly fetch manifest call-bound@^1.0.2
428 silly packumentCache full:https://registry.npmjs.org/call-bound cache-miss
429 silly fetch manifest get-intrinsic@^1.2.5
430 silly packumentCache full:https://registry.npmjs.org/get-intrinsic cache-miss
431 http fetch GET 200 https://registry.npmjs.org/call-bound 90ms (cache miss)
432 silly packumentCache full:https://registry.npmjs.org/call-bound set size:undefined disposed:false
433 http fetch GET 200 https://registry.npmjs.org/call-bound 98ms (cache miss)
434 silly packumentCache full:https://registry.npmjs.org/call-bound set size:undefined disposed:false
435 http fetch GET 200 https://registry.npmjs.org/get-intrinsic 103ms (cache miss)
436 silly packumentCache full:https://registry.npmjs.org/get-intrinsic set size:undefined disposed:false
437 http fetch GET 200 https://registry.npmjs.org/get-intrinsic 105ms (cache miss)
438 silly packumentCache full:https://registry.npmjs.org/get-intrinsic set size:undefined disposed:false
439 silly placeDep ROOT call-bound@1.0.4 OK for: side-channel-map@1.0.1 want: ^1.0.2
440 silly placeDep ROOT get-intrinsic@1.3.0 OK for: side-channel-map@1.0.1 want: ^1.2.5
441 silly fetch manifest call-bind-apply-helpers@^1.0.2
442 silly packumentCache full:https://registry.npmjs.org/call-bind-apply-helpers cache-miss
443 silly fetch manifest get-intrinsic@^1.3.0
444 silly packumentCache full:https://registry.npmjs.org/get-intrinsic cache-miss
445 silly fetch manifest gopd@^1.2.0
446 silly packumentCache full:https://registry.npmjs.org/gopd cache-miss
447 silly fetch manifest hasown@^2.0.2
448 silly packumentCache full:https://registry.npmjs.org/hasown cache-miss
449 silly fetch manifest get-proto@^1.0.1
450 silly packumentCache full:https://registry.npmjs.org/get-proto cache-miss
451 silly fetch manifest has-symbols@^1.1.0
452 silly packumentCache full:https://registry.npmjs.org/has-symbols cache-miss
453 silly fetch manifest function-bind@^1.1.2
454 silly packumentCache full:https://registry.npmjs.org/function-bind cache-miss
455 http cache https://registry.npmjs.org/get-intrinsic 17ms (cache hit)
456 silly packumentCache full:https://registry.npmjs.org/get-intrinsic set size:60985 disposed:false
457 silly fetch manifest es-object-atoms@^1.1.1
458 silly packumentCache full:https://registry.npmjs.org/es-object-atoms cache-miss
459 http fetch GET 200 https://registry.npmjs.org/hasown 96ms (cache miss)
460 silly packumentCache full:https://registry.npmjs.org/hasown set size:undefined disposed:false
461 silly fetch manifest math-intrinsics@^1.1.0
462 silly packumentCache full:https://registry.npmjs.org/math-intrinsics cache-miss
463 http fetch GET 200 https://registry.npmjs.org/get-proto 98ms (cache miss)
464 silly packumentCache full:https://registry.npmjs.org/get-proto set size:undefined disposed:false
465 silly fetch manifest call-bind-apply-helpers@^1.0.2
466 silly packumentCache full:https://registry.npmjs.org/call-bind-apply-helpers cache-miss
467 http fetch GET 200 https://registry.npmjs.org/function-bind 100ms (cache miss)
468 silly packumentCache full:https://registry.npmjs.org/function-bind set size:undefined disposed:false
469 http fetch GET 200 https://registry.npmjs.org/gopd 109ms (cache miss)
470 silly packumentCache full:https://registry.npmjs.org/gopd set size:undefined disposed:false
471 http fetch GET 200 https://registry.npmjs.org/es-object-atoms 99ms (cache miss)
472 silly packumentCache full:https://registry.npmjs.org/es-object-atoms set size:undefined disposed:false
473 http fetch GET 200 https://registry.npmjs.org/has-symbols 117ms (cache miss)
474 silly packumentCache full:https://registry.npmjs.org/has-symbols set size:undefined disposed:false
475 http fetch GET 200 https://registry.npmjs.org/call-bind-apply-helpers 125ms (cache miss)
476 silly packumentCache full:https://registry.npmjs.org/call-bind-apply-helpers set size:undefined disposed:false
477 http fetch GET 200 https://registry.npmjs.org/math-intrinsics 97ms (cache miss)
478 silly packumentCache full:https://registry.npmjs.org/math-intrinsics set size:undefined disposed:false
479 http fetch GET 200 https://registry.npmjs.org/call-bind-apply-helpers 102ms (cache miss)
480 silly packumentCache full:https://registry.npmjs.org/call-bind-apply-helpers set size:undefined disposed:false
481 silly placeDep ROOT call-bind-apply-helpers@1.0.2 OK for: call-bound@1.0.4 want: ^1.0.2
482 silly placeDep ROOT function-bind@1.1.2 OK for: call-bind-apply-helpers@1.0.2 want: ^1.1.2
483 silly placeDep ROOT es-object-atoms@1.1.2 OK for: get-intrinsic@1.3.0 want: ^1.1.1
484 silly placeDep ROOT get-proto@1.0.1 OK for: get-intrinsic@1.3.0 want: ^1.0.1
485 silly placeDep ROOT gopd@1.2.0 OK for: get-intrinsic@1.3.0 want: ^1.2.0
486 silly placeDep ROOT has-symbols@1.1.0 OK for: get-intrinsic@1.3.0 want: ^1.1.0
487 silly placeDep ROOT hasown@2.0.4 OK for: get-intrinsic@1.3.0 want: ^2.0.2
488 silly placeDep ROOT math-intrinsics@1.1.0 OK for: get-intrinsic@1.3.0 want: ^1.1.0
489 silly fetch manifest dunder-proto@^1.0.1
490 silly packumentCache full:https://registry.npmjs.org/dunder-proto cache-miss
491 http fetch GET 200 https://registry.npmjs.org/dunder-proto 79ms (cache miss)
492 silly packumentCache full:https://registry.npmjs.org/dunder-proto set size:undefined disposed:false
493 silly placeDep ROOT dunder-proto@1.0.1 OK for: get-proto@1.0.1 want: ^1.0.1
494 silly placeDep ROOT base64id@2.0.0 OK for: socket.io@4.8.3 want: ~2.0.0
495 silly placeDep ROOT engine.io@6.6.10 OK for: socket.io@4.8.3 want: ~6.6.0
496 silly placeDep ROOT socket.io-adapter@2.5.8 OK for: socket.io@4.8.3 want: ~2.5.2
497 silly placeDep ROOT socket.io-parser@4.2.7 OK for: socket.io@4.8.3 want: ~4.2.4
498 silly fetch manifest ws@~8.21.0
499 silly packumentCache full:https://registry.npmjs.org/ws cache-miss
500 silly fetch manifest @types/ws@^8.5.12
501 silly packumentCache full:https://registry.npmjs.org/@types%2fws cache-miss
502 silly fetch manifest engine.io-parser@~5.2.1
503 silly packumentCache full:https://registry.npmjs.org/engine.io-parser cache-miss
504 silly fetch manifest ws@~8.21.0
505 silly packumentCache full:https://registry.npmjs.org/ws cache-miss
506 silly fetch manifest @socket.io/component-emitter@~3.1.0
507 silly packumentCache full:https://registry.npmjs.org/@socket.io%2fcomponent-emitter cache-miss
508 http fetch GET 200 https://registry.npmjs.org/@socket.io%2fcomponent-emitter 102ms (cache miss)
509 silly packumentCache full:https://registry.npmjs.org/@socket.io%2fcomponent-emitter set size:undefined disposed:false
510 http fetch GET 200 https://registry.npmjs.org/@types%2fws 181ms (cache miss)
511 silly packumentCache full:https://registry.npmjs.org/@types%2fws set size:undefined disposed:false
512 http fetch GET 200 https://registry.npmjs.org/ws 242ms (cache miss)
513 silly packumentCache full:https://registry.npmjs.org/ws set size:undefined disposed:false
514 http fetch GET 200 https://registry.npmjs.org/ws 253ms (cache miss)
515 silly packumentCache full:https://registry.npmjs.org/ws set size:undefined disposed:false
516 http fetch GET 200 https://registry.npmjs.org/engine.io-parser 296ms (cache miss)
517 silly packumentCache full:https://registry.npmjs.org/engine.io-parser set size:undefined disposed:false
518 silly fetch manifest bufferutil@^4.0.1
519 silly packumentCache full:https://registry.npmjs.org/bufferutil cache-miss
520 http fetch GET 200 https://registry.npmjs.org/bufferutil 186ms (cache miss)
521 silly packumentCache full:https://registry.npmjs.org/bufferutil set size:undefined disposed:false
522 silly fetch manifest utf-8-validate@>=5.0.2
523 silly packumentCache full:https://registry.npmjs.org/utf-8-validate cache-miss
524 http fetch GET 200 https://registry.npmjs.org/utf-8-validate 104ms (cache miss)
525 silly packumentCache full:https://registry.npmjs.org/utf-8-validate set size:undefined disposed:false
526 silly placeDep ROOT @types/ws@8.18.1 OK for: engine.io@6.6.10 want: ^8.5.12
527 silly placeDep ROOT engine.io-parser@5.2.3 OK for: engine.io@6.6.10 want: ~5.2.1
528 silly placeDep ROOT ws@8.21.3 OK for: engine.io@6.6.10 want: ~8.21.0
529 silly placeDep ROOT @socket.io/component-emitter@3.1.2 OK for: socket.io-parser@4.2.7 want: ~3.1.0
530 silly placeDep node_modules/tsx esbuild@0.28.2 OK for: tsx@4.23.13 want: ~0.28.0
531 silly fetch manifest @esbuild/aix-ppc64@0.28.2
532 silly packumentCache full:https://registry.npmjs.org/@esbuild%2faix-ppc64 cache-miss
533 silly fetch manifest @esbuild/linux-arm@0.28.2
534 silly packumentCache full:https://registry.npmjs.org/@esbuild%2flinux-arm cache-miss
535 silly fetch manifest @esbuild/linux-x64@0.28.2
536 silly packumentCache full:https://registry.npmjs.org/@esbuild%2flinux-x64 cache-miss
537 silly fetch manifest @esbuild/sunos-x64@0.28.2
538 silly packumentCache full:https://registry.npmjs.org/@esbuild%2fsunos-x64 cache-miss
539 silly fetch manifest @esbuild/win32-x64@0.28.2
540 silly packumentCache full:https://registry.npmjs.org/@esbuild%2fwin32-x64 cache-miss
541 silly fetch manifest @esbuild/darwin-x64@0.28.2
542 silly packumentCache full:https://registry.npmjs.org/@esbuild%2fdarwin-x64 cache-miss
543 silly fetch manifest @esbuild/linux-ia32@0.28.2
544 silly packumentCache full:https://registry.npmjs.org/@esbuild%2flinux-ia32 cache-miss
545 http fetch GET 200 https://registry.npmjs.org/@esbuild%2fdarwin-x64 122ms (cache revalidated)
546 silly packumentCache full:https://registry.npmjs.org/@esbuild%2fdarwin-x64 set size:199670 disposed:false
547 silly fetch manifest @esbuild/netbsd-x64@0.28.2
548 silly packumentCache full:https://registry.npmjs.org/@esbuild%2fnetbsd-x64 cache-miss
549 http fetch GET 200 https://registry.npmjs.org/@esbuild%2flinux-ia32 134ms (cache revalidated)
550 silly packumentCache full:https://registry.npmjs.org/@esbuild%2flinux-ia32 set size:199625 disposed:false
551 silly fetch manifest @esbuild/win32-ia32@0.28.2
552 silly packumentCache full:https://registry.npmjs.org/@esbuild%2fwin32-ia32 cache-miss
553 http fetch GET 200 https://registry.npmjs.org/@esbuild%2fsunos-x64 140ms (cache revalidated)
554 silly packumentCache full:https://registry.npmjs.org/@esbuild%2fsunos-x64 set size:199187 disposed:false
555 silly fetch manifest @esbuild/android-arm@0.28.2
556 silly packumentCache full:https://registry.npmjs.org/@esbuild%2fandroid-arm cache-miss
557 http fetch GET 200 https://registry.npmjs.org/@esbuild%2faix-ppc64 146ms (cache revalidated)
558 silly packumentCache full:https://registry.npmjs.org/@esbuild%2faix-ppc64 set size:67797 disposed:false
559 silly fetch manifest @esbuild/android-x64@0.28.2
560 silly packumentCache full:https://registry.npmjs.org/@esbuild%2fandroid-x64 cache-miss
561 http fetch GET 200 https://registry.npmjs.org/@esbuild%2fwin32-x64 156ms (cache revalidated)
562 silly packumentCache full:https://registry.npmjs.org/@esbuild%2fwin32-x64 set size:197540 disposed:false
563 silly fetch manifest @esbuild/freebsd-x64@0.28.2
564 silly packumentCache full:https://registry.npmjs.org/@esbuild%2ffreebsd-x64 cache-miss
565 http fetch GET 200 https://registry.npmjs.org/@esbuild%2flinux-arm 173ms (cache revalidated)
566 silly packumentCache full:https://registry.npmjs.org/@esbuild%2flinux-arm set size:198596 disposed:false
567 silly fetch manifest @esbuild/linux-arm64@0.28.2
568 silly packumentCache full:https://registry.npmjs.org/@esbuild%2flinux-arm64 cache-miss
569 http fetch GET 200 https://registry.npmjs.org/@esbuild%2flinux-x64 189ms (cache revalidated)
570 silly packumentCache full:https://registry.npmjs.org/@esbuild%2flinux-x64 set size:198942 disposed:false
571 silly fetch manifest @esbuild/linux-ppc64@0.28.2
572 silly packumentCache full:https://registry.npmjs.org/@esbuild%2flinux-ppc64 cache-miss
573 http fetch GET 200 https://registry.npmjs.org/@esbuild%2fnetbsd-x64 148ms (cache revalidated)
574 silly packumentCache full:https://registry.npmjs.org/@esbuild%2fnetbsd-x64 set size:197314 disposed:false
575 silly fetch manifest @esbuild/linux-s390x@0.28.2
576 silly packumentCache full:https://registry.npmjs.org/@esbuild%2flinux-s390x cache-miss
577 http fetch GET 200 https://registry.npmjs.org/@esbuild%2fandroid-x64 135ms (cache revalidated)
578 silly packumentCache full:https://registry.npmjs.org/@esbuild%2fandroid-x64 set size:199017 disposed:false
579 silly fetch manifest @esbuild/openbsd-x64@0.28.2
580 silly packumentCache full:https://registry.npmjs.org/@esbuild%2fopenbsd-x64 cache-miss
581 http fetch GET 200 https://registry.npmjs.org/@esbuild%2ffreebsd-x64 130ms (cache revalidated)
582 silly packumentCache full:https://registry.npmjs.org/@esbuild%2ffreebsd-x64 set size:200565 disposed:false
583 silly fetch manifest @esbuild/win32-arm64@0.28.2
584 silly packumentCache full:https://registry.npmjs.org/@esbuild%2fwin32-arm64 cache-miss
585 http fetch GET 200 https://registry.npmjs.org/@esbuild%2fwin32-ia32 154ms (cache revalidated)
586 silly packumentCache full:https://registry.npmjs.org/@esbuild%2fwin32-ia32 set size:199854 disposed:false
587 silly fetch manifest @esbuild/darwin-arm64@0.28.2
588 silly packumentCache full:https://registry.npmjs.org/@esbuild%2fdarwin-arm64 cache-miss
589 http fetch GET 200 https://registry.npmjs.org/@esbuild%2fandroid-arm 157ms (cache revalidated)
590 silly packumentCache full:https://registry.npmjs.org/@esbuild%2fandroid-arm set size:225217 disposed:false
591 silly fetch manifest @esbuild/netbsd-arm64@0.28.2
592 silly packumentCache full:https://registry.npmjs.org/@esbuild%2fnetbsd-arm64 cache-miss
593 http fetch GET 200 https://registry.npmjs.org/@esbuild%2flinux-arm64 181ms (cache revalidated)
594 silly packumentCache full:https://registry.npmjs.org/@esbuild%2flinux-arm64 set size:200773 disposed:false
595 silly fetch manifest @esbuild/android-arm64@0.28.2
596 silly packumentCache full:https://registry.npmjs.org/@esbuild%2fandroid-arm64 cache-miss
597 http fetch GET 200 https://registry.npmjs.org/@esbuild%2flinux-ppc64 170ms (cache revalidated)
598 silly packumentCache full:https://registry.npmjs.org/@esbuild%2flinux-ppc64 set size:202845 disposed:false
599 silly fetch manifest @esbuild/freebsd-arm64@0.28.2
600 silly packumentCache full:https://registry.npmjs.org/@esbuild%2ffreebsd-arm64 cache-miss
601 http fetch GET 200 https://registry.npmjs.org/@esbuild%2fopenbsd-x64 152ms (cache revalidated)
602 silly packumentCache full:https://registry.npmjs.org/@esbuild%2fopenbsd-x64 set size:200576 disposed:false
603 silly fetch manifest @esbuild/linux-loong64@0.28.2
604 silly packumentCache full:https://registry.npmjs.org/@esbuild%2flinux-loong64 cache-miss
605 http fetch GET 200 https://registry.npmjs.org/@esbuild%2fnetbsd-arm64 153ms (cache revalidated)
606 silly packumentCache full:https://registry.npmjs.org/@esbuild%2fnetbsd-arm64 set size:44308 disposed:false
607 silly fetch manifest @esbuild/linux-riscv64@0.28.2
608 silly packumentCache full:https://registry.npmjs.org/@esbuild%2flinux-riscv64 cache-miss
609 http fetch GET 200 https://registry.npmjs.org/@esbuild%2fwin32-arm64 171ms (cache revalidated)
610 silly packumentCache full:https://registry.npmjs.org/@esbuild%2fwin32-arm64 set size:201005 disposed:false
611 silly fetch manifest @esbuild/openbsd-arm64@0.28.2
612 silly packumentCache full:https://registry.npmjs.org/@esbuild%2fopenbsd-arm64 cache-miss
613 http fetch GET 200 https://registry.npmjs.org/@esbuild%2fdarwin-arm64 170ms (cache revalidated)
614 silly packumentCache full:https://registry.npmjs.org/@esbuild%2fdarwin-arm64 set size:201471 disposed:false
615 silly fetch manifest @esbuild/linux-mips64el@0.28.2
616 silly packumentCache full:https://registry.npmjs.org/@esbuild%2flinux-mips64el cache-miss
617 http fetch GET 200 https://registry.npmjs.org/@esbuild%2flinux-s390x 199ms (cache revalidated)
618 silly packumentCache full:https://registry.npmjs.org/@esbuild%2flinux-s390x set size:202310 disposed:false
619 silly fetch manifest @esbuild/openharmony-arm64@0.28.2
620 silly packumentCache full:https://registry.npmjs.org/@esbuild%2fopenharmony-arm64 cache-miss
621 http fetch GET 200 https://registry.npmjs.org/@esbuild%2fandroid-arm64 135ms (cache revalidated)
622 silly packumentCache full:https://registry.npmjs.org/@esbuild%2fandroid-arm64 set size:204216 disposed:false
623 http fetch GET 200 https://registry.npmjs.org/@esbuild%2ffreebsd-arm64 134ms (cache revalidated)
624 silly packumentCache full:https://registry.npmjs.org/@esbuild%2ffreebsd-arm64 set size:202383 disposed:false
625 http fetch GET 200 https://registry.npmjs.org/@esbuild%2flinux-loong64 164ms (cache revalidated)
626 silly packumentCache full:https://registry.npmjs.org/@esbuild%2flinux-loong64 set size:255749 disposed:false
627 http fetch GET 200 https://registry.npmjs.org/@esbuild%2fopenbsd-arm64 153ms (cache revalidated)
628 silly packumentCache full:https://registry.npmjs.org/@esbuild%2fopenbsd-arm64 set size:49642 disposed:false
629 http fetch GET 200 https://registry.npmjs.org/@esbuild%2flinux-riscv64 161ms (cache revalidated)
630 silly packumentCache full:https://registry.npmjs.org/@esbuild%2flinux-riscv64 set size:202512 disposed:false
631 http fetch GET 200 https://registry.npmjs.org/@esbuild%2flinux-mips64el 155ms (cache revalidated)
632 silly packumentCache full:https://registry.npmjs.org/@esbuild%2flinux-mips64el set size:204633 disposed:false
633 http fetch GET 200 https://registry.npmjs.org/@esbuild%2fopenharmony-arm64 156ms (cache revalidated)
634 silly packumentCache full:https://registry.npmjs.org/@esbuild%2fopenharmony-arm64 set size:33054 disposed:false
635 silly placeDep ROOT media-typer@0.3.0 OK for: type-is@1.6.18 want: 0.3.0
636 silly placeDep node_modules/body-parser ms@2.0.0 OK for: debug@2.6.9 want: 2.0.0
637 silly placeDep node_modules/express ms@2.0.0 OK for: debug@2.6.9 want: 2.0.0
638 silly placeDep node_modules/finalhandler ms@2.0.0 OK for: debug@2.6.9 want: 2.0.0
639 silly placeDep node_modules/send/node_modules/debug ms@2.0.0 OK for: debug@2.6.9 want: 2.0.0
640 silly placeDep node_modules/tsx @esbuild/aix-ppc64@0.28.2 OK for: esbuild@0.28.2 want: 0.28.2
641 silly placeDep node_modules/tsx @esbuild/android-arm@0.28.2 OK for: esbuild@0.28.2 want: 0.28.2
642 silly placeDep node_modules/tsx @esbuild/android-arm64@0.28.2 OK for: esbuild@0.28.2 want: 0.28.2
643 silly placeDep node_modules/tsx @esbuild/android-x64@0.28.2 OK for: esbuild@0.28.2 want: 0.28.2
644 silly placeDep node_modules/tsx @esbuild/darwin-arm64@0.28.2 OK for: esbuild@0.28.2 want: 0.28.2
645 silly placeDep node_modules/tsx @esbuild/darwin-x64@0.28.2 OK for: esbuild@0.28.2 want: 0.28.2
646 silly placeDep node_modules/tsx @esbuild/freebsd-arm64@0.28.2 OK for: esbuild@0.28.2 want: 0.28.2
647 silly placeDep node_modules/tsx @esbuild/freebsd-x64@0.28.2 OK for: esbuild@0.28.2 want: 0.28.2
648 silly placeDep node_modules/tsx @esbuild/linux-arm@0.28.2 OK for: esbuild@0.28.2 want: 0.28.2
649 silly placeDep node_modules/tsx @esbuild/linux-arm64@0.28.2 OK for: esbuild@0.28.2 want: 0.28.2
650 silly placeDep node_modules/tsx @esbuild/linux-ia32@0.28.2 OK for: esbuild@0.28.2 want: 0.28.2
651 silly placeDep node_modules/tsx @esbuild/linux-loong64@0.28.2 OK for: esbuild@0.28.2 want: 0.28.2
652 silly placeDep node_modules/tsx @esbuild/linux-mips64el@0.28.2 OK for: esbuild@0.28.2 want: 0.28.2
653 silly placeDep node_modules/tsx @esbuild/linux-ppc64@0.28.2 OK for: esbuild@0.28.2 want: 0.28.2
654 silly placeDep node_modules/tsx @esbuild/linux-riscv64@0.28.2 OK for: esbuild@0.28.2 want: 0.28.2
655 silly placeDep node_modules/tsx @esbuild/linux-s390x@0.28.2 OK for: esbuild@0.28.2 want: 0.28.2
656 silly placeDep node_modules/tsx @esbuild/linux-x64@0.28.2 OK for: esbuild@0.28.2 want: 0.28.2
657 silly placeDep node_modules/tsx @esbuild/netbsd-arm64@0.28.2 OK for: esbuild@0.28.2 want: 0.28.2
658 silly placeDep node_modules/tsx @esbuild/netbsd-x64@0.28.2 OK for: esbuild@0.28.2 want: 0.28.2
659 silly placeDep node_modules/tsx @esbuild/openbsd-arm64@0.28.2 OK for: esbuild@0.28.2 want: 0.28.2
660 silly placeDep node_modules/tsx @esbuild/openbsd-x64@0.28.2 OK for: esbuild@0.28.2 want: 0.28.2
661 silly placeDep node_modules/tsx @esbuild/openharmony-arm64@0.28.2 OK for: esbuild@0.28.2 want: 0.28.2
662 silly placeDep node_modules/tsx @esbuild/sunos-x64@0.28.2 OK for: esbuild@0.28.2 want: 0.28.2
663 silly placeDep node_modules/tsx @esbuild/win32-arm64@0.28.2 OK for: esbuild@0.28.2 want: 0.28.2
664 silly placeDep node_modules/tsx @esbuild/win32-ia32@0.28.2 OK for: esbuild@0.28.2 want: 0.28.2
665 silly placeDep node_modules/tsx @esbuild/win32-x64@0.28.2 OK for: esbuild@0.28.2 want: 0.28.2
666 silly reify moves {}
667 silly audit bulk request {
667 silly audit   '@babel/code-frame': [ '7.29.7' ],
667 silly audit   '@babel/compat-data': [ '7.29.7' ],
667 silly audit   '@babel/core': [ '7.29.7' ],
667 silly audit   '@babel/generator': [ '7.29.8' ],
667 silly audit   '@babel/helper-compilation-targets': [ '7.29.7' ],
667 silly audit   '@babel/helper-globals': [ '7.29.7' ],
667 silly audit   '@babel/helper-module-imports': [ '7.29.7' ],
667 silly audit   '@babel/helper-module-transforms': [ '7.29.7' ],
667 silly audit   '@babel/helper-plugin-utils': [ '7.29.7' ],
667 silly audit   '@babel/helper-string-parser': [ '7.29.7' ],
667 silly audit   '@babel/helper-validator-identifier': [ '7.29.7' ],
667 silly audit   '@babel/helper-validator-option': [ '7.29.7' ],
667 silly audit   '@babel/helpers': [ '7.29.7' ],
667 silly audit   '@babel/parser': [ '7.29.8' ],
667 silly audit   '@babel/plugin-transform-react-jsx-self': [ '7.29.7' ],
667 silly audit   '@babel/plugin-transform-react-jsx-source': [ '7.29.7' ],
667 silly audit   '@babel/runtime': [ '7.29.7' ],
667 silly audit   '@babel/template': [ '7.29.7' ],
667 silly audit   '@babel/traverse': [ '7.29.8' ],
667 silly audit   '@babel/types': [ '7.29.8' ],
667 silly audit   '@esbuild/aix-ppc64': [ '0.25.12', '0.28.2' ],
667 silly audit   '@esbuild/android-arm': [ '0.25.12', '0.28.2' ],
667 silly audit   '@esbuild/android-arm64': [ '0.25.12', '0.28.2' ],
667 silly audit   '@esbuild/android-x64': [ '0.25.12', '0.28.2' ],
667 silly audit   '@esbuild/darwin-arm64': [ '0.25.12', '0.28.2' ],
667 silly audit   '@esbuild/darwin-x64': [ '0.25.12', '0.28.2' ],
667 silly audit   '@esbuild/freebsd-arm64': [ '0.25.12', '0.28.2' ],
667 silly audit   '@esbuild/freebsd-x64': [ '0.25.12', '0.28.2' ],
667 silly audit   '@esbuild/linux-arm': [ '0.25.12', '0.28.2' ],
667 silly audit   '@esbuild/linux-arm64': [ '0.25.12', '0.28.2' ],
667 silly audit   '@esbuild/linux-ia32': [ '0.25.12', '0.28.2' ],
667 silly audit   '@esbuild/linux-loong64': [ '0.25.12', '0.28.2' ],
667 silly audit   '@esbuild/linux-mips64el': [ '0.25.12', '0.28.2' ],
667 silly audit   '@esbuild/linux-ppc64': [ '0.25.12', '0.28.2' ],
667 silly audit   '@esbuild/linux-riscv64': [ '0.25.12', '0.28.2' ],
667 silly audit   '@esbuild/linux-s390x': [ '0.25.12', '0.28.2' ],
667 silly audit   '@esbuild/linux-x64': [ '0.25.12', '0.28.2' ],
667 silly audit   '@esbuild/netbsd-arm64': [ '0.25.12', '0.28.2' ],
667 silly audit   '@esbuild/netbsd-x64': [ '0.25.12', '0.28.2' ],
667 silly audit   '@esbuild/openbsd-arm64': [ '0.25.12', '0.28.2' ],
667 silly audit   '@esbuild/openbsd-x64': [ '0.25.12', '0.28.2' ],
667 silly audit   '@esbuild/openharmony-arm64': [ '0.25.12', '0.28.2' ],
667 silly audit   '@esbuild/sunos-x64': [ '0.25.12', '0.28.2' ],
667 silly audit   '@esbuild/win32-arm64': [ '0.25.12', '0.28.2' ],
667 silly audit   '@esbuild/win32-ia32': [ '0.25.12', '0.28.2' ],
667 silly audit   '@esbuild/win32-x64': [ '0.25.12', '0.28.2' ],
667 silly audit   '@jridgewell/gen-mapping': [ '0.3.13' ],
667 silly audit   '@jridgewell/remapping': [ '2.3.5' ],
667 silly audit   '@jridgewell/resolve-uri': [ '3.1.2' ],
667 silly audit   '@jridgewell/sourcemap-codec': [ '1.6.0' ],
667 silly audit   '@jridgewell/trace-mapping': [ '0.3.31' ],
667 silly audit   '@napi-rs/lzma-linux-x64-gnu': [ '1.5.1' ],
667 silly audit   '@rolldown/pluginutils': [ '1.0.0-beta.27' ],
667 silly audit   '@rollup/rollup-android-arm-eabi': [ '4.63.1' ],
667 silly audit   '@rollup/rollup-android-arm64': [ '4.63.1' ],
667 silly audit   '@rollup/rollup-darwin-arm64': [ '4.63.1' ],
667 silly audit   '@rollup/rollup-darwin-x64': [ '4.63.1' ],
667 silly audit   '@rollup/rollup-freebsd-arm64': [ '4.63.1' ],
667 silly audit   '@rollup/rollup-freebsd-x64': [ '4.63.1' ],
667 silly audit   '@rollup/rollup-linux-arm-gnueabihf': [ '4.63.1' ],
667 silly audit   '@rollup/rollup-linux-arm-musleabihf': [ '4.63.1' ],
667 silly audit   '@rollup/rollup-linux-arm64-gnu': [ '4.63.1' ],
667 silly audit   '@rollup/rollup-linux-arm64-musl': [ '4.63.1' ],
667 silly audit   '@rollup/rollup-linux-loong64-gnu': [ '4.63.1' ],
667 silly audit   '@rollup/rollup-linux-loong64-musl': [ '4.63.1' ],
667 silly audit   '@rollup/rollup-linux-ppc64-gnu': [ '4.63.1' ],
667 silly audit   '@rollup/rollup-linux-ppc64-musl': [ '4.63.1' ],
667 silly audit   '@rollup/rollup-linux-riscv64-gnu': [ '4.63.1' ],
667 silly audit   '@rollup/rollup-linux-riscv64-musl': [ '4.63.1' ],
667 silly audit   '@rollup/rollup-linux-s390x-gnu': [ '4.63.1' ],
667 silly audit   '@rollup/rollup-linux-x64-gnu': [ '4.63.1' ],
667 silly audit   '@rollup/rollup-linux-x64-musl': [ '4.63.1' ],
667 silly audit   '@rollup/rollup-openbsd-x64': [ '4.63.1' ],
667 silly audit   '@rollup/rollup-openharmony-arm64': [ '4.63.1' ],
667 silly audit   '@rollup/rollup-win32-arm64-msvc': [ '4.63.1' ],
667 silly audit   '@rollup/rollup-win32-ia32-msvc': [ '4.63.1' ],
667 silly audit   '@rollup/rollup-win32-x64-gnu': [ '4.63.1' ],
667 silly audit   '@rollup/rollup-win32-x64-msvc': [ '4.63.1' ],
667 silly audit   '@types/babel__core': [ '7.20.5' ],
667 silly audit   '@types/babel__generator': [ '7.27.0' ],
667 silly audit   '@types/babel__template': [ '7.4.4' ],
667 silly audit   '@types/babel__traverse': [ '7.28.0' ],
667 silly audit   '@types/d3-array': [ '3.2.2' ],
667 silly audit   '@types/d3-color': [ '3.1.3' ],
667 silly audit   '@types/d3-ease': [ '3.0.2' ],
667 silly audit   '@types/d3-interpolate': [ '3.0.4' ],
667 silly audit   '@types/d3-path': [ '3.1.1' ],
667 silly audit   '@types/d3-scale': [ '4.0.9' ],
667 silly audit   '@types/d3-shape': [ '3.2.0' ],
667 silly audit   '@types/d3-time': [ '3.0.4' ],
667 silly audit   '@types/d3-timer': [ '3.0.2' ],
667 silly audit   '@types/estree': [ '1.0.9' ],
667 silly audit   '@types/node': [ '22.20.2' ],
667 silly audit   '@types/prop-types': [ '15.7.15' ],
667 silly audit   '@types/react': [ '18.3.31' ],
667 silly audit   '@types/react-dom': [ '18.3.7' ],
667 silly audit   '@vitejs/plugin-react': [ '4.7.0' ],
667 silly audit   'baseline-browser-mapping': [ '2.11.21' ],
667 silly audit   browserslist: [ '4.28.9' ],
667 silly audit   'caniuse-lite': [ '1.0.30001810' ],
667 silly audit   clsx: [ '2.1.1' ],
667 silly audit   'convert-source-map': [ '2.0.0' ],
667 silly audit   csstype: [ '3.2.3' ],
667 silly audit   'd3-array': [ '3.2.4' ],
667 silly audit   'd3-color': [ '3.1.0' ],
667 silly audit   'd3-ease': [ '3.0.1' ],
667 silly audit   'd3-format': [ '3.1.2' ],
667 silly audit   'd3-interpolate': [ '3.0.1' ],
667 silly audit   'd3-path': [ '3.1.0' ],
667 silly audit   'd3-scale': [ '4.0.2' ],
667 silly audit   'd3-shape': [ '3.2.0' ],
667 silly audit   'd3-time': [ '3.1.0' ],
667 silly audit   'd3-time-format': [ '4.1.0' ],
667 silly audit   'd3-timer': [ '3.0.1' ],
667 silly audit   debug: [ '4.4.3', '2.6.9' ],
667 silly audit   'decimal.js-light': [ '2.5.1' ],
667 silly audit   'dom-helpers': [ '5.2.1' ],
667 silly audit   'electron-to-chromium': [ '1.5.425' ],
667 silly audit   esbuild: [ '0.25.12', '0.28.2' ],
667 silly audit   escalade: [ '3.2.0' ],
667 silly audit   eventemitter3: [ '4.0.7' ],
667 silly audit   'fast-equals': [ '5.4.2' ],
667 silly audit   fdir: [ '6.5.0' ],
667 silly audit   fsevents: [ '2.3.3' ],
667 silly audit   gensync: [ '1.0.0-beta.2' ],
667 silly audit   internmap: [ '2.0.3' ],
667 silly audit   'js-tokens': [ '4.0.0' ],
667 silly audit   jsesc: [ '3.1.0' ],
667 silly audit   json5: [ '2.2.3' ],
667 silly audit   lodash: [ '4.18.1' ],
667 silly audit   'loose-envify': [ '1.4.0' ],
667 silly audit   'lru-cache': [ '5.1.1' ],
667 silly audit   'lucide-react': [ '0.468.0' ],
667 silly audit   ms: [ '2.1.3', '2.0.0' ],
667 silly audit   nanoid: [ '3.3.18' ],
667 silly audit   'node-releases': [ '2.0.55' ],
667 silly audit   'object-assign': [ '4.1.1' ],
667 silly audit   picocolors: [ '1.1.1' ],
667 silly audit   picomatch: [ '4.0.7' ],
667 silly audit   postcss: [ '8.5.28' ],
667 silly audit   'prop-types': [ '15.8.1' ],
667 silly audit   'react-is': [ '16.13.1', '18.3.1' ],
667 silly audit   react: [ '18.3.1' ],
667 silly audit   'react-dom': [ '18.3.1' ],
667 silly audit   'react-refresh': [ '0.17.0' ],
667 silly audit   'react-smooth': [ '4.0.4' ],
667 silly audit   'react-transition-group': [ '4.4.5' ],
667 silly audit   recharts: [ '2.15.4' ],
667 silly audit   'recharts-scale': [ '0.4.5' ],
667 silly audit   rollup: [ '4.63.1' ],
667 silly audit   scheduler: [ '0.23.2' ],
667 silly audit   semver: [ '6.3.1' ],
667 silly audit   'source-map-js': [ '1.2.1' ],
667 silly audit   'tiny-invariant': [ '1.3.3' ],
667 silly audit   tinyglobby: [ '0.2.17' ],
667 silly audit   typescript: [ '5.9.3' ],
667 silly audit   'undici-types': [ '6.21.0' ],
667 silly audit   'update-browserslist-db': [ '1.3.2' ],
667 silly audit   'victory-vendor': [ '36.9.2' ],
667 silly audit   vite: [ '6.4.3' ],
667 silly audit   yallist: [ '3.1.1' ],
667 silly audit   '@types/cors': [ '2.8.19' ],
667 silly audit   '@types/express': [ '5.0.6' ],
667 silly audit   cors: [ '2.8.6' ],
667 silly audit   express: [ '4.22.2' ],
667 silly audit   'socket.io': [ '4.8.3' ],
667 silly audit   tsx: [ '4.23.13' ],
667 silly audit   '@types/body-parser': [ '1.19.6' ],
667 silly audit   '@types/express-serve-static-core': [ '5.1.3' ],
667 silly audit   '@types/serve-static': [ '2.2.0' ],
667 silly audit   '@types/connect': [ '3.4.38' ],
667 silly audit   '@types/qs': [ '6.15.1' ],
667 silly audit   '@types/range-parser': [ '1.2.7' ],
667 silly audit   '@types/send': [ '1.2.1' ],
667 silly audit   '@types/http-errors': [ '2.0.5' ],
667 silly audit   vary: [ '1.1.2' ],
667 silly audit   accepts: [ '1.3.8' ],
667 silly audit   'array-flatten': [ '1.1.1' ],
667 silly audit   'body-parser': [ '1.20.8' ],
667 silly audit   'content-disposition': [ '0.5.4' ],
667 silly audit   'content-type': [ '1.0.5' ],
667 silly audit   cookie: [ '0.7.2' ],
667 silly audit   'cookie-signature': [ '1.0.7' ],
667 silly audit   depd: [ '2.0.0' ],
667 silly audit   encodeurl: [ '2.0.0' ],
667 silly audit   'escape-html': [ '1.0.3' ],
667 silly audit   etag: [ '1.8.1' ],
667 silly audit   finalhandler: [ '1.3.2' ],
667 silly audit   fresh: [ '0.5.2' ],
667 silly audit   'http-errors': [ '2.0.1' ],
667 silly audit   'merge-descriptors': [ '1.0.3' ],
667 silly audit   methods: [ '1.1.2' ],
667 silly audit   'on-finished': [ '2.4.1' ],
667 silly audit   parseurl: [ '1.3.3' ],
667 silly audit   'path-to-regexp': [ '0.1.13' ],
667 silly audit   'proxy-addr': [ '2.0.7' ],
667 silly audit   qs: [ '6.15.3', '6.16.0' ],
667 silly audit   'range-parser': [ '1.2.1' ],
667 silly audit   'safe-buffer': [ '5.2.1' ],
667 silly audit   send: [ '0.19.2' ],
667 silly audit   'serve-static': [ '1.16.3' ],
667 silly audit   setprototypeof: [ '1.2.0' ],
667 silly audit   statuses: [ '2.0.2' ],
667 silly audit   'type-is': [ '1.6.18' ],
667 silly audit   'utils-merge': [ '1.0.1' ],
667 silly audit   'mime-types': [ '2.1.35' ],
667 silly audit   negotiator: [ '0.6.3' ],
667 silly audit   bytes: [ '3.1.2' ],
667 silly audit   destroy: [ '1.2.0' ],
667 silly audit   'iconv-lite': [ '0.4.24' ],
667 silly audit   'raw-body': [ '2.5.3' ],
667 silly audit   unpipe: [ '1.0.0' ],
667 silly audit   inherits: [ '2.0.4' ],
667 silly audit   toidentifier: [ '1.0.1' ],
667 silly audit   'safer-buffer': [ '2.1.2' ],
667 silly audit   'mime-db': [ '1.52.0' ],
667 silly audit   'ee-first': [ '1.1.1' ],
667 silly audit   forwarded: [ '0.2.0' ],
667 silly audit   'ipaddr.js': [ '1.9.1' ],
667 silly audit   'es-define-property': [ '1.0.1' ],
667 silly audit   'side-channel': [ '1.1.1' ],
667 silly audit   mime: [ '1.6.0' ],
667 silly audit   'es-errors': [ '1.3.0' ],
667 silly audit   'object-inspect': [ '1.13.4' ],
667 silly audit   'side-channel-list': [ '1.0.1' ],
667 silly audit   'side-channel-map': [ '1.0.1' ],
667 silly audit   'side-channel-weakmap': [ '1.0.2' ],
667 silly audit   'call-bound': [ '1.0.4' ],
667 silly audit   'get-intrinsic': [ '1.3.0' ],
667 silly audit   'call-bind-apply-helpers': [ '1.0.2' ],
667 silly audit   'function-bind': [ '1.1.2' ],
667 silly audit   'es-object-atoms': [ '1.1.2' ],
667 silly audit   'get-proto': [ '1.0.1' ],
667 silly audit   gopd: [ '1.2.0' ],
667 silly audit   'has-symbols': [ '1.1.0' ],
667 silly audit   hasown: [ '2.0.4' ],
667 silly audit   'math-intrinsics': [ '1.1.0' ],
667 silly audit   'dunder-proto': [ '1.0.1' ],
667 silly audit   base64id: [ '2.0.0' ],
667 silly audit   'engine.io': [ '6.6.10' ],
667 silly audit   'socket.io-adapter': [ '2.5.8' ],
667 silly audit   'socket.io-parser': [ '4.2.7' ],
667 silly audit   '@types/ws': [ '8.18.1' ],
667 silly audit   'engine.io-parser': [ '5.2.3' ],
667 silly audit   ws: [ '8.21.3' ],
667 silly audit   '@socket.io/component-emitter': [ '3.1.2' ],
667 silly audit   'media-typer': [ '0.3.0' ]
667 silly audit }
668 http cache media-typer@https://registry.npmjs.org/media-typer/-/media-typer-0.3.0.tgz 0ms (cache hit)
669 http cache @socket.io/component-emitter@https://registry.npmjs.org/@socket.io/component-emitter/-/component-emitter-3.1.2.tgz 0ms (cache hit)
670 http cache socket.io-parser@https://registry.npmjs.org/socket.io-parser/-/socket.io-parser-4.2.7.tgz 0ms (cache hit)
671 http cache @types/ws@https://registry.npmjs.org/@types/ws/-/ws-8.18.1.tgz 0ms (cache hit)
672 http cache ws@https://registry.npmjs.org/ws/-/ws-8.21.3.tgz 0ms (cache hit)
673 http cache engine.io-parser@https://registry.npmjs.org/engine.io-parser/-/engine.io-parser-5.2.3.tgz 0ms (cache hit)
674 http cache engine.io@https://registry.npmjs.org/engine.io/-/engine.io-6.6.10.tgz 0ms (cache hit)
675 http cache socket.io-adapter@https://registry.npmjs.org/socket.io-adapter/-/socket.io-adapter-2.5.8.tgz 0ms (cache hit)
676 http cache base64id@https://registry.npmjs.org/base64id/-/base64id-2.0.0.tgz 0ms (cache hit)
677 http cache math-intrinsics@https://registry.npmjs.org/math-intrinsics/-/math-intrinsics-1.1.0.tgz 0ms (cache hit)
678 http cache has-symbols@https://registry.npmjs.org/has-symbols/-/has-symbols-1.1.0.tgz 0ms (cache hit)
679 http cache dunder-proto@https://registry.npmjs.org/dunder-proto/-/dunder-proto-1.0.1.tgz 0ms (cache hit)
680 http cache hasown@https://registry.npmjs.org/hasown/-/hasown-2.0.4.tgz 0ms (cache hit)
681 http cache gopd@https://registry.npmjs.org/gopd/-/gopd-1.2.0.tgz 0ms (cache hit)
682 http cache es-object-atoms@https://registry.npmjs.org/es-object-atoms/-/es-object-atoms-1.1.2.tgz 0ms (cache hit)
683 http cache function-bind@https://registry.npmjs.org/function-bind/-/function-bind-1.1.2.tgz 1ms (cache hit)
684 http cache call-bind-apply-helpers@https://registry.npmjs.org/call-bind-apply-helpers/-/call-bind-apply-helpers-1.0.2.tgz 0ms (cache hit)
685 http cache get-proto@https://registry.npmjs.org/get-proto/-/get-proto-1.0.1.tgz 0ms (cache hit)
686 http cache get-intrinsic@https://registry.npmjs.org/get-intrinsic/-/get-intrinsic-1.3.0.tgz 0ms (cache hit)
687 http cache call-bound@https://registry.npmjs.org/call-bound/-/call-bound-1.0.4.tgz 0ms (cache hit)
688 http cache side-channel-weakmap@https://registry.npmjs.org/side-channel-weakmap/-/side-channel-weakmap-1.0.2.tgz 0ms (cache hit)
689 http cache object-inspect@https://registry.npmjs.org/object-inspect/-/object-inspect-1.13.4.tgz 0ms (cache hit)
690 http cache side-channel-list@https://registry.npmjs.org/side-channel-list/-/side-channel-list-1.0.1.tgz 0ms (cache hit)
691 http cache es-errors@https://registry.npmjs.org/es-errors/-/es-errors-1.3.0.tgz 0ms (cache hit)
692 http cache side-channel-map@https://registry.npmjs.org/side-channel-map/-/side-channel-map-1.0.1.tgz 0ms (cache hit)
693 http cache side-channel@https://registry.npmjs.org/side-channel/-/side-channel-1.1.1.tgz 0ms (cache hit)
694 http cache es-define-property@https://registry.npmjs.org/es-define-property/-/es-define-property-1.0.1.tgz 0ms (cache hit)
695 http cache mime@https://registry.npmjs.org/mime/-/mime-1.6.0.tgz 0ms (cache hit)
696 http cache ipaddr.js@https://registry.npmjs.org/ipaddr.js/-/ipaddr.js-1.9.1.tgz 0ms (cache hit)
697 http cache forwarded@https://registry.npmjs.org/forwarded/-/forwarded-0.2.0.tgz 0ms (cache hit)
698 http cache mime-db@https://registry.npmjs.org/mime-db/-/mime-db-1.52.0.tgz 0ms (cache hit)
699 http cache safer-buffer@https://registry.npmjs.org/safer-buffer/-/safer-buffer-2.1.2.tgz 0ms (cache hit)
700 http cache ee-first@https://registry.npmjs.org/ee-first/-/ee-first-1.1.1.tgz 0ms (cache hit)
701 http cache toidentifier@https://registry.npmjs.org/toidentifier/-/toidentifier-1.0.1.tgz 0ms (cache hit)
702 http cache unpipe@https://registry.npmjs.org/unpipe/-/unpipe-1.0.0.tgz 0ms (cache hit)
703 http cache inherits@https://registry.npmjs.org/inherits/-/inherits-2.0.4.tgz 0ms (cache hit)
704 http cache destroy@https://registry.npmjs.org/destroy/-/destroy-1.2.0.tgz 0ms (cache hit)
705 http cache bytes@https://registry.npmjs.org/bytes/-/bytes-3.1.2.tgz 0ms (cache hit)
706 http cache raw-body@https://registry.npmjs.org/raw-body/-/raw-body-2.5.3.tgz 0ms (cache hit)
707 http cache negotiator@https://registry.npmjs.org/negotiator/-/negotiator-0.6.3.tgz 0ms (cache hit)
708 http cache mime-types@https://registry.npmjs.org/mime-types/-/mime-types-2.1.35.tgz 0ms (cache hit)
709 http cache type-is@https://registry.npmjs.org/type-is/-/type-is-1.6.18.tgz 0ms (cache hit)
710 http cache statuses@https://registry.npmjs.org/statuses/-/statuses-2.0.2.tgz 0ms (cache hit)
711 http cache setprototypeof@https://registry.npmjs.org/setprototypeof/-/setprototypeof-1.2.0.tgz 0ms (cache hit)
712 http cache send@https://registry.npmjs.org/send/-/send-0.19.2.tgz 0ms (cache hit)
713 http cache safe-buffer@https://registry.npmjs.org/safe-buffer/-/safe-buffer-5.2.1.tgz 0ms (cache hit)
714 http cache range-parser@https://registry.npmjs.org/range-parser/-/range-parser-1.2.1.tgz 0ms (cache hit)
715 http cache utils-merge@https://registry.npmjs.org/utils-merge/-/utils-merge-1.0.1.tgz 0ms (cache hit)
716 http cache qs@https://registry.npmjs.org/qs/-/qs-6.15.3.tgz 0ms (cache hit)
717 http cache serve-static@https://registry.npmjs.org/serve-static/-/serve-static-1.16.3.tgz 0ms (cache hit)
718 http cache path-to-regexp@https://registry.npmjs.org/path-to-regexp/-/path-to-regexp-0.1.13.tgz 0ms (cache hit)
719 http cache on-finished@https://registry.npmjs.org/on-finished/-/on-finished-2.4.1.tgz 0ms (cache hit)
720 http cache methods@https://registry.npmjs.org/methods/-/methods-1.1.2.tgz 0ms (cache hit)
721 http cache proxy-addr@https://registry.npmjs.org/proxy-addr/-/proxy-addr-2.0.7.tgz 0ms (cache hit)
722 http cache merge-descriptors@https://registry.npmjs.org/merge-descriptors/-/merge-descriptors-1.0.3.tgz 0ms (cache hit)
723 http cache http-errors@https://registry.npmjs.org/http-errors/-/http-errors-2.0.1.tgz 0ms (cache hit)
724 http cache finalhandler@https://registry.npmjs.org/finalhandler/-/finalhandler-1.3.2.tgz 0ms (cache hit)
725 http cache etag@https://registry.npmjs.org/etag/-/etag-1.8.1.tgz 0ms (cache hit)
726 http cache escape-html@https://registry.npmjs.org/escape-html/-/escape-html-1.0.3.tgz 0ms (cache hit)
727 http cache encodeurl@https://registry.npmjs.org/encodeurl/-/encodeurl-2.0.0.tgz 0ms (cache hit)
728 http cache depd@https://registry.npmjs.org/depd/-/depd-2.0.0.tgz 1ms (cache hit)
729 http cache cookie-signature@https://registry.npmjs.org/cookie-signature/-/cookie-signature-1.0.7.tgz 0ms (cache hit)
730 http cache content-type@https://registry.npmjs.org/content-type/-/content-type-1.0.5.tgz 0ms (cache hit)
731 http cache cookie@https://registry.npmjs.org/cookie/-/cookie-0.7.2.tgz 0ms (cache hit)
732 http cache parseurl@https://registry.npmjs.org/parseurl/-/parseurl-1.3.3.tgz 0ms (cache hit)
733 http cache content-disposition@https://registry.npmjs.org/content-disposition/-/content-disposition-0.5.4.tgz 0ms (cache hit)
734 http cache fresh@https://registry.npmjs.org/fresh/-/fresh-0.5.2.tgz 0ms (cache hit)
735 http cache body-parser@https://registry.npmjs.org/body-parser/-/body-parser-1.20.8.tgz 0ms (cache hit)
736 http cache array-flatten@https://registry.npmjs.org/array-flatten/-/array-flatten-1.1.1.tgz 0ms (cache hit)
737 http cache accepts@https://registry.npmjs.org/accepts/-/accepts-1.3.8.tgz 0ms (cache hit)
738 http cache vary@https://registry.npmjs.org/vary/-/vary-1.1.2.tgz 0ms (cache hit)
739 http cache @types/http-errors@https://registry.npmjs.org/@types/http-errors/-/http-errors-2.0.5.tgz 0ms (cache hit)
740 http cache @types/send@https://registry.npmjs.org/@types/send/-/send-1.2.1.tgz 0ms (cache hit)
741 http cache @types/range-parser@https://registry.npmjs.org/@types/range-parser/-/range-parser-1.2.7.tgz 0ms (cache hit)
742 http cache @types/qs@https://registry.npmjs.org/@types/qs/-/qs-6.15.1.tgz 0ms (cache hit)
743 http cache @types/connect@https://registry.npmjs.org/@types/connect/-/connect-3.4.38.tgz 0ms (cache hit)
744 http cache @types/serve-static@https://registry.npmjs.org/@types/serve-static/-/serve-static-2.2.0.tgz 0ms (cache hit)
745 http cache @types/express-serve-static-core@https://registry.npmjs.org/@types/express-serve-static-core/-/express-serve-static-core-5.1.3.tgz 0ms (cache hit)
746 http cache tsx@https://registry.npmjs.org/tsx/-/tsx-4.23.13.tgz 0ms (cache hit)
747 http cache @types/body-parser@https://registry.npmjs.org/@types/body-parser/-/body-parser-1.19.6.tgz 0ms (cache hit)
748 http cache socket.io@https://registry.npmjs.org/socket.io/-/socket.io-4.8.3.tgz 0ms (cache hit)
749 http cache cors@https://registry.npmjs.org/cors/-/cors-2.8.6.tgz 0ms (cache hit)
750 http cache @types/express@https://registry.npmjs.org/@types/express/-/express-5.0.6.tgz 0ms (cache hit)
751 http cache express@https://registry.npmjs.org/express/-/express-4.22.2.tgz 0ms (cache hit)
752 http cache @types/cors@https://registry.npmjs.org/@types/cors/-/cors-2.8.19.tgz 0ms (cache hit)
753 http cache debug@https://registry.npmjs.org/debug/-/debug-2.6.9.tgz 0ms (cache hit)
754 http cache ms@https://registry.npmjs.org/ms/-/ms-2.0.0.tgz 0ms (cache hit)
755 http cache debug@https://registry.npmjs.org/debug/-/debug-2.6.9.tgz 0ms (cache hit)
756 http cache ms@https://registry.npmjs.org/ms/-/ms-2.0.0.tgz 0ms (cache hit)
757 http cache ms@https://registry.npmjs.org/ms/-/ms-2.0.0.tgz 0ms (cache hit)
758 http cache debug@https://registry.npmjs.org/debug/-/debug-2.6.9.tgz 0ms (cache hit)
759 http cache qs@https://registry.npmjs.org/qs/-/qs-6.16.0.tgz 0ms (cache hit)
760 http cache @esbuild/win32-x64@https://registry.npmjs.org/@esbuild/win32-x64/-/win32-x64-0.28.2.tgz 0ms (cache hit)
761 http cache debug@https://registry.npmjs.org/debug/-/debug-2.6.9.tgz 0ms (cache hit)
762 http cache iconv-lite@https://registry.npmjs.org/iconv-lite/-/iconv-lite-0.4.24.tgz 0ms (cache hit)
763 silly tarball no local data for media-typer@https://registry.npmjs.org/media-typer/-/media-typer-0.3.0.tgz. Extracting by manifest.
764 http cache ms@https://registry.npmjs.org/ms/-/ms-2.0.0.tgz 0ms (cache hit)
765 silly tarball no local data for @socket.io/component-emitter@https://registry.npmjs.org/@socket.io/component-emitter/-/component-emitter-3.1.2.tgz. Extracting by manifest.
766 silly tarball no local data for socket.io-parser@https://registry.npmjs.org/socket.io-parser/-/socket.io-parser-4.2.7.tgz. Extracting by manifest.
767 silly tarball no local data for @types/ws@https://registry.npmjs.org/@types/ws/-/ws-8.18.1.tgz. Extracting by manifest.
768 silly tarball no local data for ws@https://registry.npmjs.org/ws/-/ws-8.21.3.tgz. Extracting by manifest.
769 http cache esbuild@https://registry.npmjs.org/esbuild/-/esbuild-0.28.2.tgz 0ms (cache hit)
770 silly tarball no local data for engine.io-parser@https://registry.npmjs.org/engine.io-parser/-/engine.io-parser-5.2.3.tgz. Extracting by manifest.
771 silly tarball no local data for engine.io@https://registry.npmjs.org/engine.io/-/engine.io-6.6.10.tgz. Extracting by manifest.
772 silly tarball no local data for socket.io-adapter@https://registry.npmjs.org/socket.io-adapter/-/socket.io-adapter-2.5.8.tgz. Extracting by manifest.
773 silly tarball no local data for base64id@https://registry.npmjs.org/base64id/-/base64id-2.0.0.tgz. Extracting by manifest.
774 silly tarball no local data for math-intrinsics@https://registry.npmjs.org/math-intrinsics/-/math-intrinsics-1.1.0.tgz. Extracting by manifest.
775 silly tarball no local data for has-symbols@https://registry.npmjs.org/has-symbols/-/has-symbols-1.1.0.tgz. Extracting by manifest.
776 silly tarball no local data for dunder-proto@https://registry.npmjs.org/dunder-proto/-/dunder-proto-1.0.1.tgz. Extracting by manifest.
777 silly tarball no local data for hasown@https://registry.npmjs.org/hasown/-/hasown-2.0.4.tgz. Extracting by manifest.
778 silly tarball no local data for gopd@https://registry.npmjs.org/gopd/-/gopd-1.2.0.tgz. Extracting by manifest.
779 silly tarball no local data for es-object-atoms@https://registry.npmjs.org/es-object-atoms/-/es-object-atoms-1.1.2.tgz. Extracting by manifest.
780 silly tarball no local data for function-bind@https://registry.npmjs.org/function-bind/-/function-bind-1.1.2.tgz. Extracting by manifest.
781 silly tarball no local data for call-bind-apply-helpers@https://registry.npmjs.org/call-bind-apply-helpers/-/call-bind-apply-helpers-1.0.2.tgz. Extracting by manifest.
782 silly tarball no local data for get-proto@https://registry.npmjs.org/get-proto/-/get-proto-1.0.1.tgz. Extracting by manifest.
783 silly tarball no local data for get-intrinsic@https://registry.npmjs.org/get-intrinsic/-/get-intrinsic-1.3.0.tgz. Extracting by manifest.
784 silly tarball no local data for call-bound@https://registry.npmjs.org/call-bound/-/call-bound-1.0.4.tgz. Extracting by manifest.
785 silly tarball no local data for side-channel-weakmap@https://registry.npmjs.org/side-channel-weakmap/-/side-channel-weakmap-1.0.2.tgz. Extracting by manifest.
786 silly tarball no local data for object-inspect@https://registry.npmjs.org/object-inspect/-/object-inspect-1.13.4.tgz. Extracting by manifest.
787 silly tarball no local data for side-channel-list@https://registry.npmjs.org/side-channel-list/-/side-channel-list-1.0.1.tgz. Extracting by manifest.
788 silly tarball no local data for es-errors@https://registry.npmjs.org/es-errors/-/es-errors-1.3.0.tgz. Extracting by manifest.
789 silly tarball no local data for side-channel-map@https://registry.npmjs.org/side-channel-map/-/side-channel-map-1.0.1.tgz. Extracting by manifest.
790 silly tarball no local data for side-channel@https://registry.npmjs.org/side-channel/-/side-channel-1.1.1.tgz. Extracting by manifest.
791 silly tarball no local data for es-define-property@https://registry.npmjs.org/es-define-property/-/es-define-property-1.0.1.tgz. Extracting by manifest.
792 silly tarball no local data for mime@https://registry.npmjs.org/mime/-/mime-1.6.0.tgz. Extracting by manifest.
793 silly tarball no local data for ipaddr.js@https://registry.npmjs.org/ipaddr.js/-/ipaddr.js-1.9.1.tgz. Extracting by manifest.
794 silly tarball no local data for forwarded@https://registry.npmjs.org/forwarded/-/forwarded-0.2.0.tgz. Extracting by manifest.
795 silly tarball no local data for mime-db@https://registry.npmjs.org/mime-db/-/mime-db-1.52.0.tgz. Extracting by manifest.
796 silly tarball no local data for safer-buffer@https://registry.npmjs.org/safer-buffer/-/safer-buffer-2.1.2.tgz. Extracting by manifest.
797 silly tarball no local data for ee-first@https://registry.npmjs.org/ee-first/-/ee-first-1.1.1.tgz. Extracting by manifest.
798 silly tarball no local data for toidentifier@https://registry.npmjs.org/toidentifier/-/toidentifier-1.0.1.tgz. Extracting by manifest.
799 silly tarball no local data for unpipe@https://registry.npmjs.org/unpipe/-/unpipe-1.0.0.tgz. Extracting by manifest.
800 silly tarball no local data for inherits@https://registry.npmjs.org/inherits/-/inherits-2.0.4.tgz. Extracting by manifest.
801 silly tarball no local data for destroy@https://registry.npmjs.org/destroy/-/destroy-1.2.0.tgz. Extracting by manifest.
802 silly tarball no local data for bytes@https://registry.npmjs.org/bytes/-/bytes-3.1.2.tgz. Extracting by manifest.
803 silly tarball no local data for raw-body@https://registry.npmjs.org/raw-body/-/raw-body-2.5.3.tgz. Extracting by manifest.
804 silly tarball no local data for negotiator@https://registry.npmjs.org/negotiator/-/negotiator-0.6.3.tgz. Extracting by manifest.
805 silly tarball no local data for mime-types@https://registry.npmjs.org/mime-types/-/mime-types-2.1.35.tgz. Extracting by manifest.
806 silly tarball no local data for type-is@https://registry.npmjs.org/type-is/-/type-is-1.6.18.tgz. Extracting by manifest.
807 silly tarball no local data for statuses@https://registry.npmjs.org/statuses/-/statuses-2.0.2.tgz. Extracting by manifest.
808 silly tarball no local data for setprototypeof@https://registry.npmjs.org/setprototypeof/-/setprototypeof-1.2.0.tgz. Extracting by manifest.
809 silly tarball no local data for send@https://registry.npmjs.org/send/-/send-0.19.2.tgz. Extracting by manifest.
810 silly tarball no local data for safe-buffer@https://registry.npmjs.org/safe-buffer/-/safe-buffer-5.2.1.tgz. Extracting by manifest.
811 silly tarball no local data for range-parser@https://registry.npmjs.org/range-parser/-/range-parser-1.2.1.tgz. Extracting by manifest.
812 silly tarball no local data for utils-merge@https://registry.npmjs.org/utils-merge/-/utils-merge-1.0.1.tgz. Extracting by manifest.
813 silly tarball no local data for qs@https://registry.npmjs.org/qs/-/qs-6.15.3.tgz. Extracting by manifest.
814 silly tarball no local data for serve-static@https://registry.npmjs.org/serve-static/-/serve-static-1.16.3.tgz. Extracting by manifest.
815 silly tarball no local data for path-to-regexp@https://registry.npmjs.org/path-to-regexp/-/path-to-regexp-0.1.13.tgz. Extracting by manifest.
816 silly tarball no local data for on-finished@https://registry.npmjs.org/on-finished/-/on-finished-2.4.1.tgz. Extracting by manifest.
817 silly tarball no local data for methods@https://registry.npmjs.org/methods/-/methods-1.1.2.tgz. Extracting by manifest.
818 silly tarball no local data for proxy-addr@https://registry.npmjs.org/proxy-addr/-/proxy-addr-2.0.7.tgz. Extracting by manifest.
819 silly tarball no local data for merge-descriptors@https://registry.npmjs.org/merge-descriptors/-/merge-descriptors-1.0.3.tgz. Extracting by manifest.
820 silly tarball no local data for http-errors@https://registry.npmjs.org/http-errors/-/http-errors-2.0.1.tgz. Extracting by manifest.
821 silly tarball no local data for finalhandler@https://registry.npmjs.org/finalhandler/-/finalhandler-1.3.2.tgz. Extracting by manifest.
822 silly tarball no local data for etag@https://registry.npmjs.org/etag/-/etag-1.8.1.tgz. Extracting by manifest.
823 silly tarball no local data for escape-html@https://registry.npmjs.org/escape-html/-/escape-html-1.0.3.tgz. Extracting by manifest.
824 silly tarball no local data for encodeurl@https://registry.npmjs.org/encodeurl/-/encodeurl-2.0.0.tgz. Extracting by manifest.
825 silly tarball no local data for depd@https://registry.npmjs.org/depd/-/depd-2.0.0.tgz. Extracting by manifest.
826 silly tarball no local data for cookie-signature@https://registry.npmjs.org/cookie-signature/-/cookie-signature-1.0.7.tgz. Extracting by manifest.
827 silly tarball no local data for content-type@https://registry.npmjs.org/content-type/-/content-type-1.0.5.tgz. Extracting by manifest.
828 silly tarball no local data for cookie@https://registry.npmjs.org/cookie/-/cookie-0.7.2.tgz. Extracting by manifest.
829 silly tarball no local data for parseurl@https://registry.npmjs.org/parseurl/-/parseurl-1.3.3.tgz. Extracting by manifest.
830 silly tarball no local data for content-disposition@https://registry.npmjs.org/content-disposition/-/content-disposition-0.5.4.tgz. Extracting by manifest.
831 silly tarball no local data for fresh@https://registry.npmjs.org/fresh/-/fresh-0.5.2.tgz. Extracting by manifest.
832 silly tarball no local data for body-parser@https://registry.npmjs.org/body-parser/-/body-parser-1.20.8.tgz. Extracting by manifest.
833 silly tarball no local data for array-flatten@https://registry.npmjs.org/array-flatten/-/array-flatten-1.1.1.tgz. Extracting by manifest.
834 silly tarball no local data for accepts@https://registry.npmjs.org/accepts/-/accepts-1.3.8.tgz. Extracting by manifest.
835 silly tarball no local data for vary@https://registry.npmjs.org/vary/-/vary-1.1.2.tgz. Extracting by manifest.
836 silly tarball no local data for @types/http-errors@https://registry.npmjs.org/@types/http-errors/-/http-errors-2.0.5.tgz. Extracting by manifest.
837 silly tarball no local data for @types/send@https://registry.npmjs.org/@types/send/-/send-1.2.1.tgz. Extracting by manifest.
838 silly tarball no local data for @types/range-parser@https://registry.npmjs.org/@types/range-parser/-/range-parser-1.2.7.tgz. Extracting by manifest.
839 silly tarball no local data for @types/qs@https://registry.npmjs.org/@types/qs/-/qs-6.15.1.tgz. Extracting by manifest.
840 silly tarball no local data for @types/connect@https://registry.npmjs.org/@types/connect/-/connect-3.4.38.tgz. Extracting by manifest.
841 silly tarball no local data for @types/serve-static@https://registry.npmjs.org/@types/serve-static/-/serve-static-2.2.0.tgz. Extracting by manifest.
842 silly tarball no local data for @types/express-serve-static-core@https://registry.npmjs.org/@types/express-serve-static-core/-/express-serve-static-core-5.1.3.tgz. Extracting by manifest.
843 silly tarball no local data for tsx@https://registry.npmjs.org/tsx/-/tsx-4.23.13.tgz. Extracting by manifest.
844 silly tarball no local data for @types/body-parser@https://registry.npmjs.org/@types/body-parser/-/body-parser-1.19.6.tgz. Extracting by manifest.
845 silly tarball no local data for socket.io@https://registry.npmjs.org/socket.io/-/socket.io-4.8.3.tgz. Extracting by manifest.
846 silly tarball no local data for cors@https://registry.npmjs.org/cors/-/cors-2.8.6.tgz. Extracting by manifest.
847 silly tarball no local data for @types/express@https://registry.npmjs.org/@types/express/-/express-5.0.6.tgz. Extracting by manifest.
848 silly tarball no local data for express@https://registry.npmjs.org/express/-/express-4.22.2.tgz. Extracting by manifest.
849 silly tarball no local data for @types/cors@https://registry.npmjs.org/@types/cors/-/cors-2.8.19.tgz. Extracting by manifest.
850 silly tarball no local data for debug@https://registry.npmjs.org/debug/-/debug-2.6.9.tgz. Extracting by manifest.
851 silly tarball no local data for ms@https://registry.npmjs.org/ms/-/ms-2.0.0.tgz. Extracting by manifest.
852 silly tarball no local data for debug@https://registry.npmjs.org/debug/-/debug-2.6.9.tgz. Extracting by manifest.
853 silly tarball no local data for ms@https://registry.npmjs.org/ms/-/ms-2.0.0.tgz. Extracting by manifest.
854 silly tarball no local data for ms@https://registry.npmjs.org/ms/-/ms-2.0.0.tgz. Extracting by manifest.
855 silly tarball no local data for debug@https://registry.npmjs.org/debug/-/debug-2.6.9.tgz. Extracting by manifest.
856 silly tarball no local data for qs@https://registry.npmjs.org/qs/-/qs-6.16.0.tgz. Extracting by manifest.
857 silly tarball no local data for @esbuild/win32-x64@https://registry.npmjs.org/@esbuild/win32-x64/-/win32-x64-0.28.2.tgz. Extracting by manifest.
858 silly tarball no local data for debug@https://registry.npmjs.org/debug/-/debug-2.6.9.tgz. Extracting by manifest.
859 silly tarball no local data for iconv-lite@https://registry.npmjs.org/iconv-lite/-/iconv-lite-0.4.24.tgz. Extracting by manifest.
860 silly tarball no local data for ms@https://registry.npmjs.org/ms/-/ms-2.0.0.tgz. Extracting by manifest.
861 silly tarball no local data for esbuild@https://registry.npmjs.org/esbuild/-/esbuild-0.28.2.tgz. Extracting by manifest.
862 http fetch POST 200 https://registry.npmjs.org/-/npm/v1/security/advisories/bulk 439ms
863 silly audit report {
863 silly audit report   qs: [
863 silly audit report     {
863 silly audit report       id: 1158506,
863 silly audit report       url: 'https://github.com/advisories/GHSA-x5fp-wj9c-mxmx',
863 silly audit report       title: 'qs array-limit bypass via bracket-key comma parsing',
863 silly audit report       severity: 'moderate',
863 silly audit report       vulnerable_versions: '>=6.14.2 <=6.15.3',
863 silly audit report       cwe: [Array],
863 silly audit report       cvss: [Object]
863 silly audit report     },
863 silly audit report     {
863 silly audit report       id: 1158507,
863 silly audit report       url: 'https://github.com/advisories/GHSA-4mjr-xmp4-gh2g',
863 silly audit report       title: 'qs: Denial of Service via Attacker Controlled isBuffer',
863 silly audit report       severity: 'moderate',
863 silly audit report       vulnerable_versions: '>=2.2.5 <6.16.0',
863 silly audit report       cwe: [Array],
863 silly audit report       cvss: [Object]
863 silly audit report     }
863 silly audit report   ]
863 silly audit report }
864 silly packumentCache corgi:https://registry.npmjs.org/qs cache-miss
865 http fetch GET 200 https://registry.npmjs.org/media-typer/-/media-typer-0.3.0.tgz 529ms (cache miss)
866 http fetch GET 200 https://registry.npmjs.org/@socket.io/component-emitter/-/component-emitter-3.1.2.tgz 552ms (cache miss)
867 http fetch GET 200 https://registry.npmjs.org/socket.io-parser/-/socket.io-parser-4.2.7.tgz 563ms (cache miss)
868 http fetch GET 200 https://registry.npmjs.org/engine.io-parser/-/engine.io-parser-5.2.3.tgz 614ms (cache miss)
869 http fetch GET 200 https://registry.npmjs.org/@types/ws/-/ws-8.18.1.tgz 618ms (cache miss)
870 http fetch GET 200 https://registry.npmjs.org/es-object-atoms/-/es-object-atoms-1.1.2.tgz 610ms (cache miss)
871 http fetch GET 200 https://registry.npmjs.org/function-bind/-/function-bind-1.1.2.tgz 621ms (cache miss)
872 http fetch GET 200 https://registry.npmjs.org/get-proto/-/get-proto-1.0.1.tgz 620ms (cache miss)
873 http fetch GET 200 https://registry.npmjs.org/call-bind-apply-helpers/-/call-bind-apply-helpers-1.0.2.tgz 647ms (cache miss)
874 http fetch GET 200 https://registry.npmjs.org/side-channel-weakmap/-/side-channel-weakmap-1.0.2.tgz 656ms (cache miss)
875 http fetch GET 200 https://registry.npmjs.org/side-channel-map/-/side-channel-map-1.0.1.tgz 693ms (cache miss)
876 http fetch GET 200 https://registry.npmjs.org/es-errors/-/es-errors-1.3.0.tgz 708ms (cache miss)
877 http fetch GET 200 https://registry.npmjs.org/es-define-property/-/es-define-property-1.0.1.tgz 698ms (cache miss)
878 http fetch GET 200 https://registry.npmjs.org/get-intrinsic/-/get-intrinsic-1.3.0.tgz 822ms (cache miss)
879 http fetch GET 200 https://registry.npmjs.org/call-bound/-/call-bound-1.0.4.tgz 886ms (cache miss)
880 http fetch GET 200 https://registry.npmjs.org/ipaddr.js/-/ipaddr.js-1.9.1.tgz 877ms (cache miss)
881 http fetch GET 200 https://registry.npmjs.org/forwarded/-/forwarded-0.2.0.tgz 915ms (cache miss)
882 http fetch GET 200 https://registry.npmjs.org/toidentifier/-/toidentifier-1.0.1.tgz 919ms (cache miss)
883 http fetch GET 200 https://registry.npmjs.org/safer-buffer/-/safer-buffer-2.1.2.tgz 925ms (cache miss)
884 http fetch GET 200 https://registry.npmjs.org/ee-first/-/ee-first-1.1.1.tgz 935ms (cache miss)
885 http fetch GET 200 https://registry.npmjs.org/base64id/-/base64id-2.0.0.tgz 987ms (cache miss)
886 http fetch GET 200 https://registry.npmjs.org/unpipe/-/unpipe-1.0.0.tgz 1031ms (cache miss)
887 http fetch GET 200 https://registry.npmjs.org/negotiator/-/negotiator-0.6.3.tgz 1062ms (cache miss)
888 http fetch GET 200 https://registry.npmjs.org/range-parser/-/range-parser-1.2.1.tgz 1097ms (cache miss)
889 http fetch GET 200 https://registry.npmjs.org/bytes/-/bytes-3.1.2.tgz 1148ms (cache miss)
890 http fetch GET 200 https://registry.npmjs.org/destroy/-/destroy-1.2.0.tgz 1162ms (cache miss)
891 http fetch GET 200 https://registry.npmjs.org/inherits/-/inherits-2.0.4.tgz 1192ms (cache miss)
892 http fetch GET 200 https://registry.npmjs.org/mime/-/mime-1.6.0.tgz 1261ms (cache miss)
893 http fetch GET 200 https://registry.npmjs.org/side-channel/-/side-channel-1.1.1.tgz 1282ms (cache miss)
894 http fetch GET 200 https://registry.npmjs.org/safe-buffer/-/safe-buffer-5.2.1.tgz 1242ms (cache miss)
895 http fetch GET 200 https://registry.npmjs.org/utils-merge/-/utils-merge-1.0.1.tgz 1231ms (cache miss)
896 http fetch GET 200 https://registry.npmjs.org/side-channel-list/-/side-channel-list-1.0.1.tgz 1315ms (cache miss)
897 http fetch GET 200 https://registry.npmjs.org/setprototypeof/-/setprototypeof-1.2.0.tgz 1269ms (cache miss)
898 http fetch GET 200 https://registry.npmjs.org/send/-/send-0.19.2.tgz 1269ms (cache miss)
899 http fetch GET 200 https://registry.npmjs.org/mime-db/-/mime-db-1.52.0.tgz 1335ms (cache miss)
900 http fetch GET 200 https://registry.npmjs.org/path-to-regexp/-/path-to-regexp-0.1.13.tgz 1269ms (cache miss)
901 http fetch GET 200 https://registry.npmjs.org/http-errors/-/http-errors-2.0.1.tgz 1260ms (cache miss)
902 http fetch GET 200 https://registry.npmjs.org/escape-html/-/escape-html-1.0.3.tgz 1257ms (cache miss)
903 http fetch GET 200 https://registry.npmjs.org/type-is/-/type-is-1.6.18.tgz 1300ms (cache miss)
904 http fetch GET 200 https://registry.npmjs.org/cookie-signature/-/cookie-signature-1.0.7.tgz 1301ms (cache miss)
905 http fetch GET 200 https://registry.npmjs.org/content-type/-/content-type-1.0.5.tgz 1311ms (cache miss)
906 http fetch GET 200 https://registry.npmjs.org/raw-body/-/raw-body-2.5.3.tgz 1376ms (cache miss)
907 http fetch GET 200 https://registry.npmjs.org/merge-descriptors/-/merge-descriptors-1.0.3.tgz 1331ms (cache miss)
908 http fetch GET 200 https://registry.npmjs.org/encodeurl/-/encodeurl-2.0.0.tgz 1323ms (cache miss)
909 http fetch GET 200 https://registry.npmjs.org/depd/-/depd-2.0.0.tgz 1323ms (cache miss)
910 http fetch GET 200 https://registry.npmjs.org/hasown/-/hasown-2.0.4.tgz 1466ms (cache miss)
911 http fetch GET 200 https://registry.npmjs.org/serve-static/-/serve-static-1.16.3.tgz 1373ms (cache miss)
912 http fetch GET 200 https://registry.npmjs.org/statuses/-/statuses-2.0.2.tgz 1395ms (cache miss)
913 http fetch GET 200 https://registry.npmjs.org/methods/-/methods-1.1.2.tgz 1367ms (cache miss)
914 http fetch GET 200 https://registry.npmjs.org/mime-types/-/mime-types-2.1.35.tgz 1409ms (cache miss)
915 http fetch GET 200 https://registry.npmjs.org/cookie/-/cookie-0.7.2.tgz 1389ms (cache miss)
916 http fetch GET 200 https://registry.npmjs.org/etag/-/etag-1.8.1.tgz 1403ms (cache miss)
917 http fetch GET 200 https://registry.npmjs.org/proxy-addr/-/proxy-addr-2.0.7.tgz 1439ms (cache miss)
918 http fetch GET 200 https://registry.npmjs.org/parseurl/-/parseurl-1.3.3.tgz 1422ms (cache miss)
919 http fetch GET 200 https://registry.npmjs.org/vary/-/vary-1.1.2.tgz 1411ms (cache miss)
920 http fetch GET 200 https://registry.npmjs.org/@types/serve-static/-/serve-static-2.2.0.tgz 1403ms (cache miss)
921 http fetch GET 200 https://registry.npmjs.org/@types/http-errors/-/http-errors-2.0.5.tgz 1413ms (cache miss)
922 http fetch GET 200 https://registry.npmjs.org/fresh/-/fresh-0.5.2.tgz 1432ms (cache miss)
923 http fetch GET 200 https://registry.npmjs.org/@types/express-serve-static-core/-/express-serve-static-core-5.1.3.tgz 1411ms (cache miss)
924 http fetch GET 200 https://registry.npmjs.org/array-flatten/-/array-flatten-1.1.1.tgz 1434ms (cache miss)
925 http fetch GET 200 https://registry.npmjs.org/@types/send/-/send-1.2.1.tgz 1424ms (cache miss)
926 http fetch GET 200 https://registry.npmjs.org/@types/qs/-/qs-6.15.1.tgz 1423ms (cache miss)
927 http fetch GET 200 https://registry.npmjs.org/@types/range-parser/-/range-parser-1.2.7.tgz 1426ms (cache miss)
928 http fetch GET 200 https://registry.npmjs.org/@types/connect/-/connect-3.4.38.tgz 1424ms (cache miss)
929 http fetch GET 200 https://registry.npmjs.org/on-finished/-/on-finished-2.4.1.tgz 1486ms (cache miss)
930 http fetch GET 200 https://registry.npmjs.org/finalhandler/-/finalhandler-1.3.2.tgz 1480ms (cache miss)
931 http fetch GET 200 https://registry.npmjs.org/@types/body-parser/-/body-parser-1.19.6.tgz 1475ms (cache miss)
932 http fetch GET 200 https://registry.npmjs.org/cors/-/cors-2.8.6.tgz 1475ms (cache miss)
933 http fetch GET 200 https://registry.npmjs.org/gopd/-/gopd-1.2.0.tgz 1641ms (cache miss)
934 http fetch GET 200 https://registry.npmjs.org/@types/cors/-/cors-2.8.19.tgz 1480ms (cache miss)
935 http fetch GET 200 https://registry.npmjs.org/@types/express/-/express-5.0.6.tgz 1484ms (cache miss)
936 http fetch GET 200 https://registry.npmjs.org/content-disposition/-/content-disposition-0.5.4.tgz 1517ms (cache miss)
937 http fetch GET 200 https://registry.npmjs.org/ms/-/ms-2.0.0.tgz 1483ms (cache miss)
938 http fetch GET 200 https://registry.npmjs.org/accepts/-/accepts-1.3.8.tgz 1520ms (cache miss)
939 http fetch GET 200 https://registry.npmjs.org/ms/-/ms-2.0.0.tgz 1509ms (cache miss)
940 http fetch GET 200 https://registry.npmjs.org/ms/-/ms-2.0.0.tgz 1500ms (cache miss)
941 http fetch GET 200 https://registry.npmjs.org/socket.io-adapter/-/socket.io-adapter-2.5.8.tgz 1688ms (cache miss)
942 http fetch GET 200 https://registry.npmjs.org/ws/-/ws-8.21.3.tgz 1706ms (cache miss)
943 http fetch GET 200 https://registry.npmjs.org/dunder-proto/-/dunder-proto-1.0.1.tgz 1696ms (cache miss)
944 http fetch GET 200 https://registry.npmjs.org/has-symbols/-/has-symbols-1.1.0.tgz 1720ms (cache miss)
945 http fetch GET 200 https://registry.npmjs.org/qs 1403ms (cache miss)
946 silly packumentCache corgi:https://registry.npmjs.org/qs set size:undefined disposed:false
947 http fetch GET 200 https://registry.npmjs.org/esbuild/-/esbuild-0.28.2.tgz 1615ms (cache miss)
948 http fetch GET 200 https://registry.npmjs.org/body-parser/-/body-parser-1.20.8.tgz 1669ms (cache miss)
949 silly packumentCache corgi:https://registry.npmjs.org/express cache-miss
950 http fetch GET 200 https://registry.npmjs.org/debug/-/debug-2.6.9.tgz 1667ms (cache miss)
951 http fetch GET 200 https://registry.npmjs.org/debug/-/debug-2.6.9.tgz 1695ms (cache miss)
952 http fetch GET 200 https://registry.npmjs.org/ms/-/ms-2.0.0.tgz 1708ms (cache miss)
953 http fetch GET 200 https://registry.npmjs.org/qs/-/qs-6.15.3.tgz 1786ms (cache miss)
954 http fetch GET 200 https://registry.npmjs.org/math-intrinsics/-/math-intrinsics-1.1.0.tgz 1932ms (cache miss)
955 http fetch GET 200 https://registry.npmjs.org/object-inspect/-/object-inspect-1.13.4.tgz 1929ms (cache miss)
956 http fetch GET 200 https://registry.npmjs.org/express/-/express-4.22.2.tgz 1790ms (cache miss)
957 http fetch GET 200 https://registry.npmjs.org/express 231ms (cache miss)
958 silly packumentCache corgi:https://registry.npmjs.org/express set size:undefined disposed:false
959 http fetch GET 200 https://registry.npmjs.org/debug/-/debug-2.6.9.tgz 1962ms (cache miss)
960 http fetch GET 200 https://registry.npmjs.org/qs/-/qs-6.16.0.tgz 1976ms (cache miss)
961 http fetch GET 200 https://registry.npmjs.org/iconv-lite/-/iconv-lite-0.4.24.tgz 2018ms (cache miss)
962 http fetch GET 200 https://registry.npmjs.org/engine.io/-/engine.io-6.6.10.tgz 2216ms (cache miss)
963 http fetch GET 200 https://registry.npmjs.org/socket.io/-/socket.io-4.8.3.tgz 2068ms (cache miss)
964 http fetch GET 200 https://registry.npmjs.org/debug/-/debug-2.6.9.tgz 2082ms (cache miss)
965 http fetch GET 200 https://registry.npmjs.org/tsx/-/tsx-4.23.13.tgz 2127ms (cache miss)
966 http fetch GET 200 https://registry.npmjs.org/@esbuild/win32-x64/-/win32-x64-0.28.2.tgz 4941ms (cache miss)
967 info run esbuild@0.28.2 postinstall node_modules/tsx/node_modules/esbuild node install.js
968 info run esbuild@0.28.2 postinstall { code: 0, signal: null }
969 silly ADD node_modules/media-typer
970 silly ADD node_modules/@socket.io/component-emitter
971 silly ADD node_modules/ws
972 silly ADD node_modules/engine.io-parser
973 silly ADD node_modules/@types/ws
974 silly ADD node_modules/socket.io-parser
975 silly ADD node_modules/socket.io-adapter
976 silly ADD node_modules/engine.io
977 silly ADD node_modules/base64id
978 silly ADD node_modules/dunder-proto
979 silly ADD node_modules/math-intrinsics
980 silly ADD node_modules/hasown
981 silly ADD node_modules/has-symbols
982 silly ADD node_modules/gopd
983 silly ADD node_modules/get-proto
984 silly ADD node_modules/es-object-atoms
985 silly ADD node_modules/function-bind
986 silly ADD node_modules/call-bind-apply-helpers
987 silly ADD node_modules/get-intrinsic
988 silly ADD node_modules/call-bound
989 silly ADD node_modules/side-channel-weakmap
990 silly ADD node_modules/side-channel-map
991 silly ADD node_modules/side-channel-list
992 silly ADD node_modules/object-inspect
993 silly ADD node_modules/es-errors
994 silly ADD node_modules/mime
995 silly ADD node_modules/side-channel
996 silly ADD node_modules/es-define-property
997 silly ADD node_modules/ipaddr.js
998 silly ADD node_modules/forwarded
999 silly ADD node_modules/ee-first
1000 silly ADD node_modules/mime-db
1001 silly ADD node_modules/safer-buffer
1002 silly ADD node_modules/toidentifier
1003 silly ADD node_modules/inherits
1004 silly ADD node_modules/unpipe
1005 silly ADD node_modules/raw-body
1006 silly ADD node_modules/iconv-lite
1007 silly ADD node_modules/destroy
1008 silly ADD node_modules/bytes
1009 silly ADD node_modules/negotiator
1010 silly ADD node_modules/mime-types
1011 silly ADD node_modules/utils-merge
1012 silly ADD node_modules/type-is
1013 silly ADD node_modules/statuses
1014 silly ADD node_modules/setprototypeof
1015 silly ADD node_modules/serve-static
1016 silly ADD node_modules/send
1017 silly ADD node_modules/send/node_modules/debug
1018 silly ADD node_modules/send/node_modules/debug/node_modules/ms
1019 silly ADD node_modules/safe-buffer
1020 silly ADD node_modules/range-parser
1021 silly ADD node_modules/qs
1022 silly ADD node_modules/proxy-addr
1023 silly ADD node_modules/path-to-regexp
1024 silly ADD node_modules/parseurl
1025 silly ADD node_modules/on-finished
1026 silly ADD node_modules/methods
1027 silly ADD node_modules/merge-descriptors
1028 silly ADD node_modules/http-errors
1029 silly ADD node_modules/fresh
1030 silly ADD node_modules/finalhandler
1031 silly ADD node_modules/finalhandler/node_modules/ms
1032 silly ADD node_modules/finalhandler/node_modules/debug
1033 silly ADD node_modules/etag
1034 silly ADD node_modules/escape-html
1035 silly ADD node_modules/encodeurl
1036 silly ADD node_modules/depd
1037 silly ADD node_modules/cookie-signature
1038 silly ADD node_modules/cookie
1039 silly ADD node_modules/content-type
1040 silly ADD node_modules/content-disposition
1041 silly ADD node_modules/body-parser
1042 silly ADD node_modules/body-parser/node_modules/ms
1043 silly ADD node_modules/body-parser/node_modules/qs
1044 silly ADD node_modules/body-parser/node_modules/debug
1045 silly ADD node_modules/array-flatten
1046 silly ADD node_modules/accepts
1047 silly ADD node_modules/vary
1048 silly ADD node_modules/@types/http-errors
1049 silly ADD node_modules/@types/send
1050 silly ADD node_modules/@types/range-parser
1051 silly ADD node_modules/@types/qs
1052 silly ADD node_modules/@types/connect
1053 silly ADD node_modules/@types/serve-static
1054 silly ADD node_modules/@types/express-serve-static-core
1055 silly ADD node_modules/@types/body-parser
1056 silly ADD node_modules/tsx
1057 silly ADD node_modules/tsx/node_modules/@esbuild/win32-x64
1058 silly ADD node_modules/tsx/node_modules/esbuild
1059 silly ADD node_modules/socket.io
1060 silly ADD node_modules/express
1061 silly ADD node_modules/express/node_modules/ms
1062 silly ADD node_modules/express/node_modules/debug
1063 silly ADD node_modules/cors
1064 silly ADD node_modules/@types/express
1065 silly ADD node_modules/@types/cors
1066 verbose cwd C:\Users\nassi\Documents\Codex\2026-09-09\files-pasted-by-the-user-prompt
1067 verbose os Windows_NT 10.0.22621
1068 verbose node v24.14.1
1069 verbose npm  v11.11.0
1070 verbose exit 0
1071 info ok
